STATEFP,COUNTYFP,TRACTCE,POPULATION,LATITUDE,LONGITUDE
27,001,770100,2327,+46.705324,-093.398509
27,001,770200,2336,+46.886732,-093.596479
27,001,770300,3268,+46.527705,-093.718108
27,001,770400,3052,+46.575416,-093.224656
27,001,790501,1957,+46.327378,-093.437763
27,001,790502,3262,+46.433309,-093.700474
27,003,050107,2934,+45.395008,-093.386006
27,003,050108,4750,+45.393315,-093.330986
27,003,050109,5202,+45.380743,-093.219809
27,003,050110,2715,+45.322774,-093.242379
27,003,050111,3709,+45.321711,-093.172106
27,003,050114,2803,+45.346064,-093.366890
27,003,050115,5228,+45.345087,-093.311532
27,003,050116,4443,+45.334979,-093.445485
27,003,050208,3281,+45.215400,-093.334271
27,003,050210,3914,+45.273851,-093.065576
27,003,050215,4192,+45.230224,-093.238027
27,003,050216,5474,+45.239819,-093.191015
27,003,050217,2724,+45.280439,-093.314550
27,003,050218,3220,+45.275960,-093.369245
27,003,050219,3061,+45.236880,-093.367065
27,003,050220,6534,+45.232736,-093.332322
27,003,050221,6365,+45.248392,-093.298992
27,003,050222,5393,+45.226133,-093.288673
27,003,050223,2673,+45.263895,-093.490978
27,003,050224,2788,+45.276151,-093.463592
27,003,050225,6091,+45.265349,-093.414114
27,003,050226,2919,+45.241655,-093.399269
27,003,050227,4304,+45.232235,-093.414680
27,003,050228,4893,+45.238170,-093.448410
27,003,050229,5425,+45.174892,-093.131398
27,003,050230,2398,+45.147899,-093.030963
27,003,050232,3792,+45.163924,-093.050441
27,003,050233,3053,+45.195595,-093.104985
27,003,050234,2861,+45.278853,-093.189019
27,003,050235,2769,+45.278604,-093.239083
27,003,050236,4296,+45.138108,-093.097937
27,003,050237,5044,+45.147274,-093.105752
27,003,050401,2972,+45.213537,-093.396981
27,003,050402,3742,+45.202958,-093.406011
27,003,050501,3041,+45.196436,-093.384328
27,003,050504,2496,+45.191018,-093.374713
27,003,050505,4911,+45.214304,-093.371254
27,003,050602,2431,+45.181927,-093.328549
27,003,050605,5542,+45.165539,-093.339095
27,003,050606,2095,+45.151813,-093.307588
27,003,050607,4491,+45.169581,-093.322866
27,003,050608,4431,+45.166708,-093.304429
27,003,050609,3602,+45.201445,-093.345698
27,003,050610,6403,+45.186028,-093.356622
27,003,050702,3125,+45.181582,-093.280680
27,003,050704,4736,+45.169124,-093.282430
27,003,050706,3432,+45.153319,-093.271688
27,003,050707,6229,+45.205362,-093.313363
27,003,050709,2478,+45.129271,-093.287743
27,003,050710,3489,+45.151634,-093.285728
27,003,050711,4703,+45.192916,-093.279368
27,003,050712,4289,+45.190808,-093.309206
27,003,050805,6426,+45.204611,-093.236885
27,003,050806,6338,+45.187998,-093.250503
27,003,050807,3452,+45.173699,-093.256478
27,003,050808,2207,+45.163747,-093.259563
27,003,050809,5956,+45.156751,-093.247699
27,003,050810,4134,+45.145026,-093.251321
27,003,050811,2870,+45.133054,-093.252499
27,003,050813,6633,+45.132932,-093.192620
27,003,050816,4511,+45.159730,-093.162967
27,003,050818,3977,+45.197256,-093.203088
27,003,050819,2947,+45.181949,-093.190444
27,003,050820,3001,+45.189110,-093.222502
27,003,050821,4730,+45.175442,-093.224869
27,003,050901,2053,+45.137975,-093.170938
27,003,050902,4918,+45.145416,-093.151577
27,003,051001,2475,+45.114685,-093.237969
27,003,051002,3759,+45.115848,-093.256169
27,003,051101,4985,+45.108353,-093.275437
27,003,051102,4312,+45.098275,-093.253019
27,003,051103,3343,+45.096563,-093.234990
27,003,051201,3733,+45.078359,-093.271980
27,003,051202,3099,+45.078536,-093.256433
27,003,051203,5327,+45.072076,-093.236142
27,003,051206,2409,+45.061425,-093.263231
27,003,051302,3981,+45.054354,-093.238566
27,003,051304,2323,+45.055533,-093.260844
27,003,051305,3170,+45.055259,-093.253096
27,003,051400,4868,+45.042123,-093.260002
27,003,051501,3005,+45.043191,-093.244598
27,003,051502,2893,+45.040593,-093.234752
27,003,051600,5123,+45.383706,-093.083889
27,005,450100,3012,+46.874928,-095.267879
27,005,450200,2248,+46.832414,-095.543367
27,005,450300,4962,+46.797585,-095.729603
27,005,450400,2357,+46.865470,-095.868988
27,005,450500,4148,+46.823499,-095.842567
27,005,450600,3491,+46.804754,-095.842566
27,005,450700,3008,+46.763352,-095.846091
27,005,450800,2351,+46.822605,-095.983133
27,005,450900,3094,+46.840709,-096.098497
27,005,940000,3833,+47.054122,-095.741214
27,007,450100,6246,+47.479918,-094.950027
27,007,450200,6514,+47.538423,-094.871135
27,007,450300,4359,+47.608702,-094.825199
27,007,450400,2912,+47.732146,-094.720966
27,007,450500,1715,+47.978193,-094.676880
27,007,450600,5179,+47.484056,-094.880880
27,007,450701,4384,+47.465348,-094.836314
27,007,450702,5233,+47.479217,-094.897069
27,007,940001,5885,+47.898939,-094.979973
27,007,940002,2015,+47.472848,-094.595220
27,009,020100,5807,+45.677336,-093.872965
27,009,020202,2773,+45.728856,-094.015960
27,009,020203,2184,+45.765028,-094.223078
27,009,020205,3093,+45.703304,-094.179077
27,009,020206,2693,+45.620675,-094.189745
27,009,020300,3022,+45.595154,-094.045254
27,009,021101,8153,+45.604253,-094.170978
27,009,021102,4221,+45.585769,-094.152054
27,009,021200,6505,+45.567346,-094.139614
27,011,950100,1516,+45.391265,-096.337161
27,011,950200,1774,+45.506926,-096.533778
27,011,950300,1979,+45.310898,-096.443461
27,013,170100,4635,+44.179292,-093.852723
27,013,170200,5176,+44.176244,-093.956816
27,013,170300,2990,+44.179292,-093.989450
27,013,170400,3329,+44.166360,-093.979929
27,013,170500,4592,+44.158725,-093.963704
27,013,170600,2334,+44.168423,-093.994567
27,013,170700,2817,+44.161188,-094.005432
27,013,170800,4568,+44.149486,-094.023557
27,013,170900,3152,+44.150185,-094.144233
27,013,171000,3359,+44.096685,-094.208869
27,013,171101,6063,+44.149715,-093.999410
27,013,171202,5760,+44.150453,-093.982816
27,013,171300,3822,+44.083353,-093.938580
27,013,171400,3601,+43.937036,-093.930212
27,013,171500,2792,+43.948693,-094.159587
27,013,171600,5023,+44.138724,-093.994416
27,015,960101,2000,+44.317746,-094.461013
27,015,960102,1270,+44.299132,-094.442999
27,015,960200,4482,+44.301520,-094.461467
27,015,960300,3152,+44.317315,-094.472984
27,015,960400,4479,+44.329021,-094.575257
27,015,960500,3832,+44.296672,-094.722158
27,015,960600,3221,+44.217086,-094.976256
27,015,960700,3457,+44.197624,-094.573252
27,017,070100,5173,+46.725198,-092.451006
27,017,070200,3924,+46.705747,-092.446059
27,017,070300,5168,+46.713553,-092.358080
27,017,070400,7822,+46.639727,-092.448624
27,017,070500,6808,+46.485226,-092.707566
27,017,070600,3382,+46.596302,-092.876304
27,017,940000,3109,+46.711165,-092.561261
27,019,090100,5507,+44.952704,-093.840248
27,019,090200,3958,+44.889250,-093.928463
27,019,090301,6748,+44.849379,-093.803065
27,019,090302,5079,+44.830598,-093.795601
27,019,090401,4545,+44.848828,-093.695685
27,019,090402,5481,+44.858918,-093.646434
27,019,090501,2405,+44.881400,-093.614267
27,019,090502,2871,+44.873918,-093.583726
27,019,090503,2593,+44.879544,-093.561513
27,019,090601,3861,+44.869200,-093.535862
27,019,090602,2973,+44.884416,-093.535020
27,019,090701,6184,+44.850724,-093.552476
27,019,090702,2058,+44.830700,-093.542427
27,019,090800,8218,+44.820890,-093.615913
27,019,090900,5481,+44.818228,-093.585175
27,019,091000,9766,+44.800920,-093.606746
27,019,091100,5887,+44.750088,-093.659219
27,019,091201,4777,+44.767391,-093.929016
27,019,091202,2650,+44.760505,-093.801212
27,021,940001,3860,+47.100988,-094.570401
27,021,940002,3101,+47.366247,-094.568451
27,021,960100,2062,+47.074011,-093.940883
27,021,960200,2305,+46.988294,-094.162092
27,021,960301,872,+46.961141,-094.360897
27,021,960302,1092,+46.897670,-094.355771
27,021,960600,2959,+46.819374,-094.482328
27,021,960700,4426,+46.671687,-094.447371
27,021,960801,3526,+46.359490,-094.372436
27,021,960802,4364,+46.414105,-094.512415
27,023,950300,2056,+44.863748,-095.537293
27,023,950400,2239,+44.965002,-095.368365
27,023,950500,2238,+45.073775,-095.692638
27,023,950600,5908,+44.949682,-095.718285
27,025,110100,4005,+45.640584,-093.076033
27,025,110200,6967,+45.632499,-092.939094
27,025,110301,3854,+45.525815,-092.979061
27,025,110302,6271,+45.497582,-092.977528
27,025,110401,8704,+45.329044,-092.977295
27,025,110402,4474,+45.416880,-092.981434
27,025,110501,3977,+45.395228,-092.843306
27,025,110502,6934,+45.365340,-092.869507
27,025,110600,4747,+45.369176,-092.820304
27,025,110700,3954,+45.431340,-092.725388
27,027,020100,5459,+46.878012,-096.745710
27,027,020202,2352,+46.882836,-096.765645
27,027,020300,2949,+46.870413,-096.764047
27,027,020400,5091,+46.864317,-096.760982
27,027,020500,5626,+46.846122,-096.774254
27,027,020600,4293,+46.855101,-096.756147
27,027,030102,5419,+46.878290,-096.708090
27,027,030103,6853,+46.840547,-096.746246
27,027,030104,6882,+46.825430,-096.682461
27,027,030106,2187,+46.922506,-096.763100
27,027,030107,1729,+47.015370,-096.678240
27,027,030201,5631,+46.932586,-096.334397
27,027,030202,4528,+46.690898,-096.375564
27,029,000100,2688,+47.530729,-095.413873
27,029,000200,2824,+47.438721,-095.347645
27,029,000300,3183,+47.697493,-095.402743
27,031,480100,3126,+47.797512,-090.315663
27,031,480200,2050,+47.762130,-090.371809
27,031,990000,0,+47.538571,-090.290190
27,033,270100,2897,+43.962304,-094.946358
27,033,270200,2407,+44.074772,-095.321120
27,033,270300,3220,+43.891098,-095.166300
27,033,270400,3163,+43.872375,-095.077310
27,035,950100,1985,+46.699986,-093.954011
27,035,950204,1834,+46.672937,-094.091486
27,035,950400,5233,+46.594398,-094.254685
27,035,950501,2675,+46.505114,-094.280776
27,035,950502,2567,+46.515449,-094.138253
27,035,950700,5797,+46.488732,-093.948991
27,035,950800,4666,+46.392284,-093.984870
27,035,950900,5331,+46.417127,-094.250592
27,035,951000,4124,+46.372124,-094.175267
27,035,951100,4368,+46.345764,-094.189898
27,035,951200,2659,+46.363959,-094.199222
27,035,951301,4702,+46.357436,-094.279765
27,035,951302,6236,+46.338683,-094.238823
27,035,951400,5002,+46.255153,-094.223546
27,035,951600,2584,+46.259195,-093.925957
27,035,951700,2737,+46.676325,-094.230513
27,037,060101,3756,+44.915975,-093.076674
27,037,060102,2837,+44.917328,-093.096944
27,037,060103,2691,+44.901609,-093.101349
27,037,060104,5123,+44.900429,-093.089543
27,037,060105,5133,+44.895896,-093.072535
27,037,060201,2494,+44.905356,-093.060280
27,037,060202,3587,+44.901927,-093.050228
27,037,060301,4240,+44.888616,-093.040240
27,037,060302,3608,+44.888842,-093.056007
27,037,060401,2418,+44.879587,-093.040391
27,037,060402,3515,+44.869713,-093.036946
27,037,060502,4271,+44.853595,-093.033949
27,037,060503,4990,+44.840042,-093.029250
27,037,060505,5224,+44.869102,-093.073857
27,037,060506,5692,+44.867315,-093.054841
27,037,060507,3365,+44.840052,-093.054224
27,037,060508,5716,+44.808351,-093.089771
27,037,060509,5441,+44.824014,-093.033868
27,037,060603,4341,+44.903094,-093.116780
27,037,060604,3199,+44.891609,-093.141288
27,037,060605,1593,+44.875159,-093.141755
27,037,060606,2759,+44.870122,-093.116635
27,037,060709,5718,+44.762603,-093.315618
27,037,060710,4113,+44.767483,-093.300962
27,037,060711,4474,+44.760087,-093.280472
27,037,060713,3115,+44.760005,-093.264391
27,037,060714,4480,+44.780698,-093.237889
27,037,060716,3690,+44.824566,-093.181016
27,037,060717,2196,+44.840799,-093.127114
27,037,060721,2211,+44.809789,-093.214000
27,037,060725,3461,+44.836561,-093.184517
27,037,060726,2546,+44.846418,-093.165662
27,037,060727,3116,+44.826037,-093.155276
27,037,060728,4544,+44.825893,-093.134480
27,037,060729,4100,+44.811661,-093.167687
27,037,060730,6301,+44.812485,-093.125763
27,037,060731,4520,+44.793951,-093.150086
27,037,060732,5762,+44.795227,-093.121136
27,037,060733,3883,+44.797807,-093.181806
27,037,060734,4641,+44.784449,-093.187334
27,037,060735,4830,+44.800144,-093.205689
27,037,060737,4604,+44.775080,-093.267466
27,037,060738,3243,+44.774116,-093.251714
27,037,060739,5357,+44.737452,-093.313565
27,037,060741,6717,+44.742877,-093.262556
27,037,060742,3717,+44.728169,-093.268266
27,037,060743,1452,+44.794502,-093.225104
27,037,060744,1573,+44.783607,-093.220285
27,037,060745,4262,+44.745857,-093.297418
27,037,060746,3287,+44.725307,-093.289990
27,037,060747,3760,+44.795067,-093.239095
27,037,060748,3459,+44.798077,-093.247310
27,037,060749,1548,+44.821699,-093.199402
27,037,060750,3832,+44.811840,-093.200673
27,037,060805,3261,+44.767430,-093.212705
27,037,060806,5588,+44.757937,-093.229634
27,037,060811,5238,+44.739960,-093.234006
27,037,060812,5879,+44.724524,-093.231146
27,037,060813,4328,+44.696488,-093.300705
27,037,060814,6062,+44.706063,-093.270999
27,037,060815,4698,+44.683092,-093.268890
27,037,060816,5649,+44.701577,-093.248122
27,037,060817,7525,+44.709787,-093.197127
27,037,060818,7439,+44.696742,-093.192082
27,037,060819,6508,+44.705341,-093.228033
27,037,060820,7864,+44.654040,-093.271452
27,037,060821,5881,+44.651360,-093.237140
27,037,060822,1337,+44.762044,-093.196921
27,037,060823,3817,+44.748197,-093.197284
27,037,060824,3563,+44.747034,-093.211376
27,037,060825,6851,+44.755247,-093.173575
27,037,060826,6790,+44.733966,-093.166706
27,037,060828,3727,+44.721727,-093.208430
27,037,060829,3039,+44.722332,-093.197809
27,037,060902,4531,+44.658566,-093.175676
27,037,060904,3498,+44.636152,-093.144344
27,037,060905,5019,+44.644324,-093.129226
27,037,060906,3394,+44.677625,-093.184385
27,037,060907,6581,+44.676530,-093.166919
27,037,061001,3455,+44.689838,-093.000424
27,037,061003,1329,+44.760062,-093.104267
27,037,061004,6116,+44.750096,-093.142491
27,037,061005,2396,+44.735783,-093.145459
27,037,061007,4965,+44.724187,-093.145470
27,037,061008,1864,+44.739309,-093.128661
27,037,061009,5198,+44.745249,-093.107007
27,037,061102,4860,+44.743075,-092.871993
27,037,061105,2372,+44.729329,-092.859325
27,037,061106,2962,+44.734330,-092.882817
27,037,061107,6364,+44.719676,-092.869984
27,037,061108,6130,+44.720997,-092.839769
27,037,061401,3054,+44.662968,-092.786793
27,037,061402,3640,+44.576926,-092.954616
27,037,061501,2414,+44.584498,-093.178613
27,037,061502,2861,+44.493629,-093.167991
27,039,950100,4491,+44.087744,-092.751984
27,039,950200,4001,+44.034836,-092.855655
27,039,950300,2349,+44.095580,-092.953526
27,039,950400,3592,+43.906923,-092.824376
27,039,950500,5654,+44.031584,-092.750748
27,041,450100,3100,+46.054406,-095.404221
27,041,450200,3769,+45.927115,-095.619218
27,041,450500,4606,+45.931142,-095.306261
27,041,450600,5966,+45.887096,-095.348180
27,041,450701,4792,+45.875019,-095.380014
27,041,450702,2631,+45.903179,-095.385879
27,041,450800,3487,+45.841699,-095.233395
27,041,450900,3509,+45.841429,-095.472599
27,041,451000,4149,+45.947699,-095.417611
27,043,460100,1953,+43.793276,-093.842824
27,043,460200,2212,+43.772064,-094.143910
27,043,460300,1995,+43.591338,-094.123105
27,043,460400,3343,+43.636735,-094.099612
27,043,460500,2460,+43.577406,-093.799981
27,043,460600,2590,+43.738915,-093.725612
27,045,960100,3254,+43.809542,-091.803010
27,045,960200,4469,+43.788221,-092.215948
27,045,960300,3616,+43.683184,-092.393909
27,045,960400,3136,+43.651902,-092.083622
27,045,960500,3266,+43.546948,-092.054577
27,045,960600,3125,+43.638625,-091.851828
27,047,180100,2879,+43.765542,-093.191134
27,047,180200,2735,+43.768782,-093.464453
27,047,180300,3421,+43.610891,-093.494856
27,047,180400,3161,+43.659062,-093.380177
27,047,180500,4291,+43.663314,-093.360887
27,047,180600,3872,+43.638653,-093.354586
27,047,180700,2596,+43.658569,-093.352431
27,047,180800,2524,+43.647778,-093.380645
27,047,180900,3414,+43.639319,-093.376366
27,047,181000,2362,+43.585197,-093.216036
27,049,080101,4135,+44.554607,-092.546044
27,049,080102,5672,+44.545890,-092.530623
27,049,080200,7204,+44.565559,-092.575689
27,049,080300,3998,+44.480389,-092.392144
27,049,080400,4115,+44.468446,-092.667858
27,049,080500,3495,+44.452093,-092.909844
27,049,080600,4656,+44.509245,-092.902194
27,049,080700,3490,+44.278559,-092.953690
27,049,080800,4052,+44.218825,-092.655620
27,049,080900,5366,+44.301420,-092.694348
27,051,070100,3092,+46.026682,-095.929872
27,051,070200,2926,+45.855007,-095.943710
27,053,000101,3031,+45.047739,-093.309939
27,053,000102,4569,+45.044192,-093.292074
27,053,000300,3173,+45.029585,-093.313346
27,053,000601,4641,+45.028755,-093.245228
27,053,000603,2749,+45.027592,-093.231359
27,053,001100,2027,+45.016414,-093.242314
27,053,001700,2335,+45.008939,-093.264798
27,053,002200,1427,+45.002800,-093.289962
27,053,002400,2250,+45.002143,-093.266331
27,053,002700,2583,+44.995321,-093.313430
27,053,003200,1812,+44.987997,-093.312709
27,053,003300,2138,+44.988232,-093.303463
27,053,003800,4768,+44.984419,-093.241872
27,053,005901,3166,+44.967742,-093.260698
27,053,005902,3198,+44.962993,-093.264696
27,053,006800,3828,+44.960208,-093.283041
27,053,007700,2618,+44.950393,-093.287282
27,053,007801,1693,+44.953516,-093.274763
27,053,008100,3394,+44.944521,-093.293316
27,053,008200,4534,+44.945123,-093.282580
27,053,008300,2221,+44.944225,-093.273500
27,053,008400,2720,+44.944822,-093.266370
27,053,008500,4396,+44.944239,-093.255445
27,053,009500,3083,+44.935102,-093.265157
27,053,009600,3436,+44.933756,-093.258810
27,053,010600,2756,+44.916638,-093.312448
27,053,010700,2435,+44.920965,-093.292023
27,053,011000,3504,+44.921832,-093.253766
27,053,011703,4041,+44.909949,-093.255790
27,053,011704,3171,+44.897653,-093.257304
27,053,011800,4460,+44.907953,-093.231787
27,053,011998,3980,+44.909434,-093.214411
27,053,012001,5732,+44.896659,-093.306139
27,053,012003,4972,+44.894759,-093.275824
27,053,012101,3159,+44.900544,-093.230138
27,053,012102,2819,+44.901363,-093.214815
27,053,020101,3167,+45.029732,-093.218063
27,053,020102,1989,+45.019076,-093.220294
27,053,020200,7675,+45.078715,-093.296643
27,053,020301,2623,+45.081951,-093.330145
27,053,020302,2416,+45.081407,-093.345678
27,053,020303,3856,+45.070464,-093.339244
27,053,020304,3092,+45.068298,-093.321182
27,053,020400,4637,+45.053741,-093.329582
27,053,020500,3700,+45.054834,-093.300179
27,053,020600,2105,+45.063642,-093.293776
27,053,020700,3965,+45.052507,-093.348016
27,053,020801,2058,+45.059102,-093.370170
27,053,020804,2852,+45.047487,-093.365437
27,053,020902,2162,+45.025836,-093.361805
27,053,020903,3124,+45.037266,-093.360289
27,053,021001,5794,+45.016678,-093.366091
27,053,021002,1906,+45.010537,-093.362251
27,053,021100,1888,+45.031777,-093.350207
27,053,021200,4500,+45.032017,-093.327041
27,053,021300,4428,+45.026016,-093.338915
27,053,021400,3137,+45.012181,-093.326471
27,053,021501,3880,+45.061682,-093.384533
27,053,021502,3753,+45.053868,-093.383669
27,053,021503,4971,+45.039371,-093.385288
27,053,021504,3546,+45.027145,-093.386287
27,053,021505,4473,+45.013914,-093.390633
27,053,021601,4186,+44.998199,-093.389921
27,053,021602,5567,+44.996442,-093.366354
27,053,021700,5019,+45.003635,-093.337852
27,053,021800,2204,+44.976939,-093.335972
27,053,021900,3401,+44.978049,-093.365070
27,053,022000,1431,+44.964683,-093.346844
27,053,022101,2677,+44.965773,-093.365081
27,053,022102,2500,+44.963323,-093.376530
27,053,022200,4528,+44.966433,-093.396701
27,053,022301,2211,+44.942718,-093.394676
27,053,022302,2898,+44.944798,-093.385302
27,053,022400,3747,+44.953036,-093.369124
27,053,022700,3876,+44.951619,-093.352527
27,053,022801,2100,+44.956220,-093.337092
27,053,022802,3025,+44.948506,-093.338551
27,053,022901,4689,+44.935901,-093.337400
27,053,022902,1771,+44.924432,-093.344973
27,053,023000,4177,+44.930750,-093.358267
27,053,023100,1762,+44.924558,-093.334953
27,053,023200,6171,+44.932928,-093.396777
27,053,023300,5372,+44.926248,-093.414335
27,053,023400,6048,+44.914935,-093.403449
27,053,023501,3591,+44.915318,-093.368539
27,053,023502,5782,+44.903819,-093.386286
27,053,023600,3757,+44.914052,-093.337264
27,053,023700,4924,+44.897299,-093.363253
27,053,023801,5023,+44.896763,-093.338718
27,053,023802,2719,+44.897011,-093.323949
27,053,023901,3632,+44.882542,-093.362422
27,053,023902,1975,+44.879904,-093.390511
27,053,023903,3137,+44.870893,-093.370513
27,053,024003,4401,+44.869505,-093.338334
27,053,024004,3532,+44.868772,-093.322650
27,053,024005,1728,+44.886561,-093.322112
27,053,024006,1978,+44.881072,-093.340132
27,053,024100,3229,+44.886127,-093.307483
27,053,024200,3115,+44.877604,-093.308521
27,053,024300,4254,+44.866344,-093.309009
27,053,024400,4022,+44.885451,-093.285485
27,053,024500,2286,+44.875001,-093.283640
27,053,024600,3792,+44.866970,-093.285788
27,053,024700,3261,+44.881938,-093.266398
27,053,024801,2439,+44.872534,-093.266817
27,053,024802,2980,+44.864766,-093.265237
27,053,024901,1032,+44.886986,-093.254284
27,053,024902,2383,+44.877354,-093.252734
27,053,024903,2301,+44.867303,-093.252594
27,053,025100,2570,+44.848105,-093.239774
27,053,025201,4638,+44.854356,-093.257558
27,053,025205,4948,+44.838845,-093.258846
27,053,025301,2780,+44.821387,-093.263514
27,053,025302,4305,+44.820913,-093.279465
27,053,025401,3889,+44.850403,-093.275729
27,053,025403,3717,+44.832872,-093.277065
27,053,025601,2221,+44.846988,-093.303729
27,053,025603,3700,+44.850446,-093.318428
27,053,025605,3335,+44.849008,-093.337713
27,053,025701,6733,+44.823261,-093.340996
27,053,025702,4886,+44.825915,-093.316716
27,053,025801,3059,+44.816345,-093.296878
27,053,025802,2327,+44.808367,-093.312786
27,053,025803,3021,+44.809457,-093.329494
27,053,025805,2759,+44.799643,-093.337260
27,053,025903,6089,+44.821632,-093.357214
27,053,025905,3696,+44.852074,-093.381997
27,053,025906,5967,+44.820484,-093.383089
27,053,025907,4381,+44.806592,-093.384676
27,053,026005,3961,+44.874435,-093.474015
27,053,026006,2832,+44.877478,-093.456168
27,053,026007,4534,+44.876978,-093.434168
27,053,026013,4555,+44.886203,-093.498855
27,053,026014,5227,+44.871423,-093.505883
27,053,026015,5399,+44.847671,-093.463085
27,053,026016,7058,+44.833702,-093.419633
27,053,026018,6952,+44.818901,-093.431690
27,053,026019,4815,+44.852735,-093.442486
27,053,026020,4181,+44.849082,-093.422148
27,053,026021,4313,+44.853307,-093.503220
27,053,026022,6970,+44.834509,-093.496458
27,053,026101,3204,+44.935941,-093.436415
27,053,026103,2702,+44.916606,-093.438733
27,053,026104,3717,+44.901865,-093.419709
27,053,026201,3113,+44.921927,-093.500605
27,053,026202,2836,+44.928908,-093.468789
27,053,026205,3162,+44.911291,-093.487618
27,053,026206,3118,+44.913607,-093.464231
27,053,026207,3981,+44.900496,-093.511609
27,053,026208,3053,+44.899296,-093.472842
27,053,026301,3458,+44.964404,-093.471911
27,053,026302,3230,+44.940439,-093.493133
27,053,026402,5937,+44.953919,-093.409807
27,053,026403,2930,+44.974693,-093.433718
27,053,026404,5293,+44.955800,-093.439853
27,053,026505,3472,+45.011641,-093.441707
27,053,026507,4748,+44.985901,-093.425971
27,053,026508,5060,+45.055387,-093.433498
27,053,026509,4642,+45.040328,-093.434727
27,053,026510,3515,+45.039571,-093.412478
27,053,026511,3500,+45.027361,-093.408254
27,053,026512,6074,+45.015803,-093.417279
27,053,026514,4587,+45.023519,-093.469491
27,053,026605,3514,+45.021669,-093.511415
27,053,026606,4835,+44.997984,-093.511697
27,053,026609,2961,+44.987716,-093.471641
27,053,026610,4678,+44.999814,-093.494877
27,053,026611,4617,+45.005246,-093.481509
27,053,026612,8568,+45.047682,-093.466219
27,053,026613,6176,+45.038680,-093.495491
27,053,026702,2430,+45.118356,-093.397408
27,053,026706,3476,+45.144856,-093.411939
27,053,026707,4843,+45.133129,-093.419539
27,053,026708,5451,+45.124417,-093.461961
27,053,026710,7749,+45.113499,-093.441305
27,053,026711,2940,+45.085778,-093.454187
27,053,026712,3203,+45.077230,-093.437516
27,053,026713,4171,+45.076110,-093.417686
27,053,026714,9545,+45.120215,-093.500450
27,053,026715,12453,+45.082735,-093.497998
27,053,026716,7713,+45.092991,-093.480172
27,053,026807,5238,+45.073022,-093.385588
27,053,026809,5039,+45.073223,-093.360954
27,053,026810,6098,+45.099481,-093.350652
27,053,026811,5651,+45.098390,-093.330358
27,053,026812,5401,+45.120221,-093.369979
27,053,026814,6475,+45.099196,-093.310173
27,053,026815,5136,+45.097883,-093.291584
27,053,026816,6261,+45.102706,-093.368433
27,053,026818,4566,+45.086563,-093.367986
27,053,026819,4498,+45.085988,-093.355412
27,053,026820,12114,+45.136114,-093.332617
27,053,026822,5053,+45.114631,-093.315972
27,053,026823,4251,+45.118541,-093.342091
27,053,026903,4193,+45.190126,-093.408844
27,053,026906,7195,+45.168541,-093.370045
27,053,026907,5409,+45.161289,-093.408381
27,053,026908,6292,+45.158840,-093.374231
27,053,026909,11806,+45.194834,-093.567495
27,053,026910,4617,+45.196454,-093.466919
27,053,027001,3203,+45.096325,-093.690565
27,053,027002,5272,+45.018741,-093.680509
27,053,027101,5542,+45.039957,-093.568076
27,053,027102,5402,+45.110925,-093.575891
27,053,027201,6166,+44.972158,-093.596310
27,053,027202,1723,+44.982724,-093.568631
27,053,027203,3524,+44.935076,-093.618959
27,053,027300,3688,+44.972464,-093.508181
27,053,027400,4079,+44.932746,-093.522201
27,053,027501,4384,+44.907502,-093.570234
27,053,027503,4079,+44.899724,-093.608552
27,053,027504,3195,+44.901783,-093.540101
27,053,027601,3755,+44.942111,-093.664100
27,053,027602,5297,+44.926364,-093.657218
27,053,027700,8667,+44.924482,-093.714544
27,053,100200,3543,+45.035607,-093.303865
27,053,100400,2961,+45.027764,-093.292908
27,053,100500,1921,+45.022366,-093.268527
27,053,100700,3025,+45.018759,-093.313309
27,053,100800,3846,+45.018181,-093.302981
27,053,100900,4630,+45.018324,-093.290632
27,053,101200,4649,+45.012445,-093.231717
27,053,101300,1604,+45.009941,-093.311471
27,053,101600,2437,+45.009793,-093.289143
27,053,101800,3828,+45.011987,-093.253969
27,053,101900,2841,+45.009370,-093.242977
27,053,102000,2229,+45.002852,-093.313020
27,053,102100,2260,+45.003096,-093.300736
27,053,102300,1347,+44.999557,-093.284875
27,053,102500,2813,+45.003276,-093.255120
27,053,102600,1920,+44.998430,-093.241789
27,053,102800,2835,+44.995624,-093.303358
27,053,102900,1148,+44.995436,-093.293233
27,053,103000,1468,+44.996464,-093.262984
27,053,103100,2038,+44.995872,-093.252412
27,053,103400,2665,+44.986761,-093.292855
27,053,103600,2084,+44.989626,-093.258526
27,053,103700,3015,+44.987371,-093.248993
27,053,103900,2232,+44.982782,-093.234772
27,053,104000,6489,+44.988576,-093.224328
27,053,104100,3211,+44.981209,-093.304300
27,053,104400,2097,+44.975090,-093.274856
27,053,104800,8094,+44.969040,-093.244729
27,053,104900,9980,+44.972089,-093.227119
27,053,105100,2651,+44.972170,-093.313919
27,053,105201,2717,+44.972713,-093.281483
27,053,105204,2293,+44.969616,-093.278400
27,053,105400,3527,+44.970344,-093.264782
27,053,105500,3733,+44.965092,-093.294772
27,053,105600,3971,+44.965854,-093.282773
27,053,105700,2725,+44.964413,-093.273765
27,053,106000,3339,+44.961872,-093.254126
27,053,106200,3499,+44.962431,-093.238989
27,053,106400,1821,+44.962040,-093.228804
27,053,106500,4366,+44.954844,-093.316851
27,053,106600,2332,+44.955826,-093.298976
27,053,106700,4913,+44.956957,-093.291987
27,053,106900,2724,+44.958914,-093.274004
27,053,107000,4063,+44.954452,-093.282650
27,053,107400,1726,+44.950354,-093.226680
27,053,107500,1988,+44.956703,-093.225875
27,053,107600,3503,+44.946769,-093.211832
27,053,108000,3294,+44.945199,-093.301621
27,053,108600,2880,+44.943501,-093.246496
27,053,108700,3274,+44.939755,-093.237753
27,053,108800,3786,+44.942209,-093.227673
27,053,108900,2280,+44.940579,-093.219729
27,053,109000,1745,+44.937944,-093.210090
27,053,109100,4375,+44.935694,-093.318380
27,053,109200,3414,+44.938218,-093.292242
27,053,109300,3992,+44.937880,-093.281677
27,053,109400,2161,+44.937750,-093.270754
27,053,109700,2252,+44.936642,-093.249371
27,053,109800,4038,+44.925666,-093.324077
27,053,109900,3784,+44.930681,-093.284353
27,053,110000,1673,+44.930976,-093.270816
27,053,110100,2735,+44.930280,-093.248580
27,053,110200,3522,+44.929889,-093.234829
27,053,110400,2733,+44.930147,-093.218293
27,053,110500,4694,+44.924277,-093.210408
27,053,110800,4194,+44.921439,-093.281814
27,053,110900,3374,+44.921493,-093.268411
27,053,111100,3192,+44.921645,-093.230207
27,053,111200,2900,+44.911212,-093.323837
27,053,111300,4732,+44.907150,-093.309585
27,053,111400,3916,+44.908257,-093.293973
27,053,111500,5308,+44.906291,-093.281998
27,053,111600,3014,+44.910253,-093.268072
27,053,122500,3455,+44.941337,-093.375638
27,053,122600,2165,+44.945565,-093.364438
27,053,125500,3872,+44.847593,-093.291794
27,053,125600,2898,+44.967024,-093.213823
27,053,125700,3496,+45.009448,-093.301520
27,053,125800,4782,+44.954035,-093.256915
27,053,125900,4269,+44.954208,-093.248774
27,053,126000,4727,+44.954522,-093.266674
27,053,126100,4938,+44.979865,-093.263138
27,053,126200,4291,+44.986253,-093.276918
27,053,980000,278,+44.890884,-093.220720
27,055,020100,5718,+43.827650,-091.311520
27,055,020200,3587,+43.749351,-091.359416
27,055,020300,2561,+43.768804,-091.592385
27,055,020500,3278,+43.632782,-091.495742
27,055,020900,3883,+43.570547,-091.555733
27,057,070100,4711,+47.344750,-094.847423
27,057,070200,2279,+47.068252,-095.020847
27,057,070300,1937,+47.134214,-094.768231
27,057,070400,2822,+46.964122,-094.808212
27,057,070500,2948,+46.922159,-095.069889
27,057,070600,3613,+46.921878,-095.057007
27,057,070700,2118,+46.884733,-094.952808
27,059,130100,3513,+45.643497,-093.378801
27,059,130200,3464,+45.692531,-093.179436
27,059,130301,8442,+45.555648,-093.224823
27,059,130302,2829,+45.580550,-093.222435
27,059,130400,3914,+45.485080,-093.106726
27,059,130501,5323,+45.481846,-093.308729
27,059,130502,6434,+45.491145,-093.253761
27,059,130600,3897,+45.504739,-093.439861
27,061,480100,2649,+47.729103,-093.817950
27,061,480300,4339,+47.349507,-093.688138
27,061,480400,3594,+47.524008,-093.396952
27,061,480500,2544,+47.402425,-093.124940
27,061,480600,2864,+47.171611,-093.301719
27,061,480700,5066,+47.184873,-093.613607
27,061,480801,2412,+47.169067,-093.494625
27,061,480802,6046,+47.218384,-093.528698
27,061,480900,6850,+47.249736,-093.525570
27,061,481000,6053,+47.301231,-093.348389
27,061,940000,2641,+47.451389,-093.943914
27,063,480100,2276,+43.692208,-095.010386
27,063,480200,2293,+43.721875,-095.328306
27,063,480300,2351,+43.649273,-095.172433
27,063,480400,3346,+43.621598,-094.992321
27,065,480100,3578,+46.007331,-093.234087
27,065,480200,3834,+45.878888,-093.403738
27,065,480300,3797,+45.876684,-093.295864
27,065,480400,5030,+45.813162,-093.268968
27,067,770900,2819,+45.108803,-095.046857
27,067,780100,2581,+45.297368,-094.857829
27,067,780200,2327,+45.311194,-095.112749
27,067,780300,4189,+45.288899,-094.946955
27,067,780400,3624,+45.195099,-094.944066
27,067,780500,5081,+45.132833,-095.058574
27,067,780600,5097,+45.156464,-095.075445
27,067,780700,4025,+45.110108,-095.058582
27,067,780800,2064,+45.119705,-095.042393
27,067,781000,4791,+45.114955,-095.025462
27,067,781100,2753,+45.062760,-094.831609
27,067,781200,2888,+44.981762,-095.152702
27,069,090100,2503,+48.699853,-096.634871
27,069,090200,2049,+48.765795,-096.959982
27,071,790100,2208,+48.583390,-093.397750
27,071,790200,5476,+48.591739,-093.416886
27,071,790300,3208,+48.492593,-093.360774
27,071,790500,2419,+48.277786,-093.885447
27,073,180100,2325,+45.031589,-096.166055
27,073,180200,1899,+45.016129,-096.317806
27,073,180300,3035,+44.923239,-095.993090
27,075,370100,4471,+47.253707,-091.603263
27,075,370300,2432,+47.294485,-091.281442
27,075,370400,3963,+47.027150,-091.674459
27,075,990100,0,+47.132024,-091.285559
27,077,460300,1694,+48.695180,-094.593120
27,077,460400,2351,+48.816794,-094.855035
27,079,950100,7001,+44.509395,-093.622114
27,079,950200,4526,+44.458473,-093.906285
27,079,950300,4351,+44.421378,-093.587506
27,079,950400,3838,+44.220914,-093.610287
27,079,950500,4130,+44.355870,-093.737222
27,079,950600,3857,+44.289126,-093.901322
27,081,201001,3095,+44.474573,-096.293669
27,081,201002,2801,+44.265482,-096.209341
27,083,360100,3726,+44.584059,-095.850507
27,083,360200,3307,+44.448436,-095.842072
27,083,360300,5275,+44.439380,-095.797274
27,083,360400,4095,+44.441365,-095.777419
27,083,360500,4387,+44.454489,-095.776622
27,083,360600,2933,+44.272295,-095.852525
27,083,360700,2134,+44.234799,-095.617395
27,085,950100,5454,+44.939837,-094.103617
27,085,950200,4191,+44.899962,-094.373954
27,085,950300,5920,+44.880422,-094.371060
27,085,950400,7810,+44.895041,-094.384652
27,085,950500,2926,+44.730580,-094.384575
27,085,950600,4609,+44.832957,-094.083951
27,085,950700,5741,+44.772095,-094.149012
27,087,940100,2946,+47.303735,-095.963975
27,087,940300,2467,+47.286923,-095.693656
27,089,080100,2325,+48.344820,-095.986027
27,089,080200,2247,+48.344165,-096.398792
27,089,080300,2310,+48.356979,-096.907209
27,089,080400,2557,+48.206279,-096.806230
27,091,790100,3108,+43.802531,-094.551537
27,091,790200,2587,+43.700857,-094.527120
27,091,790300,2430,+43.639022,-094.634294
27,091,790400,1939,+43.542655,-094.551607
27,091,790500,6417,+43.636787,-094.465617
27,091,790600,4359,+43.657459,-094.454917
27,093,560100,5021,+45.114372,-094.307169
27,093,560200,5058,+45.175353,-094.422692
27,093,560300,3804,+45.125543,-094.517858
27,093,560400,3206,+45.129418,-094.533857
27,093,560500,3270,+45.147045,-094.565243
27,093,560600,2941,+45.116578,-094.694772
27,095,170400,5221,+45.729822,-093.629040
27,095,170500,4465,+45.764571,-093.663704
27,095,170600,2826,+45.604134,-093.620999
27,095,170700,5675,+45.576292,-093.584152
27,095,970100,2092,+46.152335,-093.478812
27,095,970200,3123,+46.126350,-093.728625
27,095,970300,2695,+45.963566,-093.632006
27,097,780100,2915,+46.237846,-094.591000
27,097,780200,4063,+46.030988,-094.467180
27,097,780300,6128,+45.946895,-094.305734
27,097,780400,2580,+46.075972,-094.006695
27,097,780500,5091,+45.926075,-094.051778
27,097,780600,5644,+45.975167,-094.354707
27,097,780700,2471,+45.975674,-094.378741
27,097,780800,4306,+45.845953,-094.502948
27,099,000100,2035,+43.687436,-092.971788
27,099,000200,2670,+43.666088,-092.998190
27,099,000300,4881,+43.673385,-092.984679
27,099,000410,4995,+43.665811,-092.966648
27,099,000600,3070,+43.666554,-092.946814
27,099,000800,3765,+43.659818,-092.982452
27,099,000900,4231,+43.656056,-093.005741
27,099,001000,3615,+43.682943,-092.906088
27,099,001200,1960,+43.776852,-092.827476
27,099,001300,4577,+43.547148,-092.717279
27,099,001400,3364,+43.729875,-092.552049
27,101,900100,2119,+44.112386,-095.755605
27,101,900200,3246,+43.908784,-095.766264
27,101,900300,3360,+43.982058,-095.707451
27,103,480100,3414,+44.358020,-094.404700
27,103,480200,5512,+44.301782,-094.092109
27,103,480300,4588,+44.337948,-093.962507
27,103,480400,5925,+44.318767,-093.971009
27,103,480501,6559,+44.173476,-094.043438
27,103,480502,3180,+44.189894,-094.036876
27,103,480600,3549,+44.174058,-094.012176
27,105,105100,2889,+43.703696,-095.620789
27,105,105200,3165,+43.696797,-095.927887
27,105,105300,2353,+43.535507,-095.742623
27,105,105400,4550,+43.631336,-095.591097
27,105,105500,3580,+43.620792,-095.588694
27,105,105600,4841,+43.621772,-095.618407
27,107,960100,2760,+47.305357,-096.242616
27,107,960200,1901,+47.337995,-096.773270
27,107,960300,2191,+47.285269,-096.518177
27,109,000100,1385,+44.023681,-092.463758
27,109,000200,4916,+44.017556,-092.444250
27,109,000300,3299,+44.012692,-092.455502
27,109,000400,3045,+44.015803,-092.475957
27,109,000500,2804,+44.024837,-092.477846
27,109,000600,4469,+44.034751,-092.472851
27,109,000901,5478,+44.001024,-092.412031
27,109,000902,3372,+43.987146,-092.428677
27,109,000903,3117,+43.978500,-092.376581
27,109,001000,4766,+43.998218,-092.451713
27,109,001100,3200,+43.992419,-092.470036
27,109,001201,4491,+44.012707,-092.498197
27,109,001202,3602,+43.977890,-092.480388
27,109,001203,4885,+43.975420,-092.508000
27,109,001301,4426,+44.030764,-092.515130
27,109,001302,4382,+44.027995,-092.529803
27,109,001401,4450,+44.045496,-092.497376
27,109,001402,11535,+44.077503,-092.531504
27,109,001501,2805,+44.057062,-092.485604
27,109,001502,2256,+44.047180,-092.479588
27,109,001503,2299,+44.053087,-092.471691
27,109,001601,4376,+44.044809,-092.453616
27,109,001602,2994,+44.050290,-092.444098
27,109,001603,3539,+44.072926,-092.428955
27,109,001701,4512,+44.070359,-092.493734
27,109,001702,4430,+44.069124,-092.482015
27,109,001703,4942,+44.089126,-092.493320
27,109,001800,4891,+44.036728,-092.645669
27,109,001900,6948,+44.140241,-092.549786
27,109,002000,6645,+43.956166,-092.205958
27,109,002100,6105,+43.856827,-092.484957
27,109,002200,3804,+43.919947,-092.527280
27,109,002300,6080,+44.033956,-092.431477
27,111,960102,2611,+46.668646,-095.553314
27,111,960103,2178,+46.669881,-095.954571
27,111,960300,3420,+46.574186,-096.093383
27,111,960400,2220,+46.590309,-095.823436
27,111,960500,4894,+46.593220,-095.521424
27,111,960600,4327,+46.504376,-095.416093
27,111,960700,2587,+46.501770,-095.947689
27,111,960800,3087,+46.396614,-096.025337
27,111,960900,5383,+46.289128,-096.088828
27,111,961000,4745,+46.273586,-096.069504
27,111,961100,4403,+46.297469,-096.050024
27,111,961200,2314,+46.308113,-095.778037
27,111,961300,3970,+46.354809,-095.378273
27,111,961400,2373,+46.417880,-095.581134
27,111,961500,3239,+46.193106,-095.376433
27,111,961600,2285,+46.199750,-095.730092
27,111,961700,3267,+46.234140,-096.003611
27,113,090100,2382,+48.084931,-095.955118
27,113,090200,2598,+48.125529,-096.173427
27,113,090300,2079,+48.062098,-096.252334
27,113,090400,3040,+48.111697,-096.188195
27,113,090500,3831,+48.111544,-096.163648
27,115,950100,2493,+46.360223,-092.688967
27,115,950200,2932,+46.340973,-092.865334
27,115,950300,2838,+46.195601,-092.841913
27,115,950400,5047,+46.092162,-092.775881
27,115,950500,5061,+46.007880,-092.974048
27,115,950600,4308,+45.820935,-092.905920
27,115,950700,3598,+45.833757,-092.967116
27,115,950800,3473,+45.828851,-093.059008
27,117,460100,1643,+44.112225,-096.223473
27,117,460200,1834,+43.995925,-096.312160
27,117,460300,2510,+43.997605,-096.325342
27,117,460400,1714,+43.906431,-096.345343
27,117,460500,1895,+43.900627,-096.131217
27,119,020100,4735,+47.943533,-097.027739
27,119,020200,1268,+47.930284,-097.017697
27,119,020300,2835,+47.909046,-097.001834
27,119,020400,2171,+47.991081,-096.852821
27,119,020500,2778,+47.718821,-096.730624
27,119,020600,5693,+47.781841,-096.601464
27,119,020700,2446,+47.767596,-096.610686
27,119,020800,2206,+47.596866,-096.299947
27,119,020900,3876,+47.631422,-096.007502
27,119,021000,3592,+47.611349,-095.708951
27,121,970100,2373,+45.641164,-095.265528
27,121,970200,2797,+45.650871,-095.513221
27,121,970300,2501,+45.571522,-095.572467
27,121,970400,3324,+45.648040,-095.393661
27,123,030100,4483,+44.980532,-093.191332
27,123,030201,5168,+44.984058,-093.159085
27,123,030202,2039,+44.973635,-093.155344
27,123,030300,5650,+44.984038,-093.135212
27,123,030400,5764,+44.985414,-093.114978
27,123,030500,5877,+44.984322,-093.098046
27,123,030601,5905,+44.984839,-093.083577
27,123,030602,4071,+44.986744,-093.065251
27,123,030702,4797,+44.983961,-093.017614
27,123,030703,3686,+44.988261,-093.035644
27,123,030704,4257,+44.980932,-093.034782
27,123,030800,4848,+44.975518,-093.114401
27,123,030900,3655,+44.974293,-093.081470
27,123,031000,4258,+44.975085,-093.071546
27,123,031100,3750,+44.977106,-093.057000
27,123,031200,2815,+44.971609,-093.135698
27,123,031300,2304,+44.968923,-093.113119
27,123,031400,2866,+44.968624,-093.100271
27,123,031500,2730,+44.967427,-093.076582
27,123,031600,4011,+44.970944,-093.057798
27,123,031701,2754,+44.964396,-093.053297
27,123,031702,6068,+44.971750,-093.037168
27,123,031801,4668,+44.969321,-093.026299
27,123,031802,3730,+44.968527,-093.013039
27,123,031900,2194,+44.968676,-093.199159
27,123,032000,2713,+44.962401,-093.175040
27,123,032100,3053,+44.962537,-093.167214
27,123,032200,2510,+44.961782,-093.160106
27,123,032300,3219,+44.961326,-093.151974
27,123,032400,2817,+44.962662,-093.136625
27,123,032500,4101,+44.958203,-093.135565
27,123,032600,3235,+44.959539,-093.121285
27,123,032700,2584,+44.959109,-093.111529
27,123,033000,2365,+44.960704,-093.082598
27,123,033100,1496,+44.960973,-093.066652
27,123,033200,2745,+44.959051,-093.192153
27,123,033300,3183,+44.949789,-093.183243
27,123,033400,3078,+44.951632,-093.161539
27,123,033500,3252,+44.953191,-093.134518
27,123,033600,1507,+44.951966,-093.119988
27,123,033700,1599,+44.953346,-093.112672
27,123,033800,1683,+44.948393,-093.139393
27,123,033900,1436,+44.948072,-093.128096
27,123,034000,1661,+44.947744,-093.114946
27,123,034201,1818,+44.947263,-093.088985
27,123,034202,4786,+44.949656,-093.093143
27,123,034400,2117,+44.953484,-093.067543
27,123,034500,3884,+44.955604,-093.060465
27,123,034601,4595,+44.955240,-093.050124
27,123,034602,4133,+44.956877,-093.038112
27,123,034701,3981,+44.955822,-093.023815
27,123,034702,3889,+44.956312,-093.011234
27,123,034900,5143,+44.941859,-093.188246
27,123,035000,2579,+44.944467,-093.175069
27,123,035100,3440,+44.938658,-093.173911
27,123,035200,3307,+44.940247,-093.162084
27,123,035300,3832,+44.941709,-093.151569
27,123,035500,2228,+44.945115,-093.120555
27,123,035700,2530,+44.936559,-093.138248
27,123,035800,2880,+44.941045,-093.122021
27,123,035900,1046,+44.939661,-093.111133
27,123,036000,2350,+44.937473,-093.106627
27,123,036100,1671,+44.931199,-093.075042
27,123,036300,3826,+44.927694,-093.181952
27,123,036400,3952,+44.927403,-093.171884
27,123,036500,3804,+44.927434,-093.162232
27,123,036600,4345,+44.925909,-093.151876
27,123,036700,4222,+44.921824,-093.142541
27,123,036800,2304,+44.925567,-093.132213
27,123,036900,2022,+44.932980,-093.122091
27,123,037000,2755,+44.924943,-093.101388
27,123,037100,4760,+44.930550,-093.089327
27,123,037200,5773,+44.924473,-093.077874
27,123,037402,3708,+44.946410,-093.019516
27,123,037403,6285,+44.928578,-093.009536
27,123,037500,5048,+44.913193,-093.175912
27,123,037601,3915,+44.906405,-093.184908
27,123,037602,4857,+44.901280,-093.167869
27,123,040100,6991,+45.108046,-093.019207
27,123,040200,1742,+45.090124,-093.001118
27,123,040301,1742,+45.067320,-093.002700
27,123,040302,5225,+45.059741,-093.003387
27,123,040401,3373,+45.053765,-093.012355
27,123,040402,5320,+45.044276,-093.006447
27,123,040502,2601,+45.085983,-093.017008
27,123,040503,3249,+45.070912,-093.039199
27,123,040504,3943,+45.086112,-093.033793
27,123,040601,5016,+45.098173,-093.087946
27,123,040603,5252,+45.071935,-093.076249
27,123,040604,7053,+45.047824,-093.072000
27,123,040703,6734,+45.070008,-093.128358
27,123,040704,5410,+45.045109,-093.129260
27,123,040705,4001,+45.116032,-093.165932
27,123,040706,4832,+45.116265,-093.129836
27,123,040707,4066,+45.089175,-093.133134
27,123,040801,3000,+45.074839,-093.165791
27,123,040802,1778,+45.058267,-093.162550
27,123,040803,4774,+45.046659,-093.168860
27,123,040901,2076,+45.111826,-093.197517
27,123,040902,3860,+45.101705,-093.199356
27,123,041001,3252,+45.115716,-093.218516
27,123,041002,3145,+45.100291,-093.216606
27,123,041103,3070,+45.038635,-093.216797
27,123,041104,3081,+45.077196,-093.223401
27,123,041105,5151,+45.079279,-093.211217
27,123,041106,3697,+45.056544,-093.216097
27,123,041107,5521,+45.043167,-093.202547
27,123,041200,4006,+45.059968,-093.198536
27,123,041301,3357,+45.004354,-093.180764
27,123,041302,3935,+45.029635,-093.182429
27,123,041400,5383,+45.024101,-093.157593
27,123,041500,4859,+45.021811,-093.136689
27,123,041601,5951,+45.020621,-093.114925
27,123,041602,3647,+45.001057,-093.117203
27,123,041700,2862,+45.000820,-093.138357
27,123,041800,3666,+45.001200,-093.154341
27,123,041900,3394,+44.993542,-093.166789
27,123,042001,1927,+44.984202,-093.184361
27,123,042002,2379,+44.993327,-093.201168
27,123,042101,5297,+45.022765,-093.097365
27,123,042102,4456,+45.026583,-093.076602
27,123,042201,1432,+44.996918,-093.094440
27,123,042202,5162,+45.000955,-093.078760
27,123,042301,2949,+45.023161,-093.050399
27,123,042302,4442,+45.001592,-093.044628
27,123,042401,5767,+45.027805,-093.018560
27,123,042402,5753,+44.997491,-093.012572
27,123,042501,4987,+44.973363,-092.993121
27,123,042503,3198,+44.911320,-092.995506
27,123,042504,4190,+44.932159,-092.996468
27,123,042601,4295,+45.019800,-093.005065
27,123,042602,2094,+45.016904,-092.990576
27,123,042700,5229,+45.004155,-093.001894
27,123,042800,2446,+44.959102,-093.096597
27,123,042900,3771,+44.943081,-093.137286
27,123,043000,6481,+44.931871,-093.193887
27,123,980000,0,+44.910964,-093.020255
27,125,010100,1868,+47.859181,-095.971797
27,125,010200,2221,+47.890337,-096.273535
27,127,750100,2783,+44.431909,-094.972857
27,127,750200,3300,+44.541815,-095.102821
27,127,750300,2208,+44.537953,-095.120437
27,127,750400,3022,+44.466580,-095.253969
27,127,750500,2946,+44.357017,-095.471419
27,127,750600,1800,+44.226893,-095.247729
27,129,790100,2908,+44.762330,-094.652899
27,129,790200,1958,+44.771708,-094.886158
27,129,790300,1921,+44.806931,-095.300946
27,129,790400,2729,+44.702159,-095.125311
27,129,790500,3315,+44.776158,-095.010568
27,129,790600,2899,+44.548300,-094.759188
27,131,070100,6614,+44.489879,-093.409196
27,131,070200,5314,+44.417932,-093.249760
27,131,070300,4606,+44.287826,-093.412811
27,131,070400,4448,+44.283166,-093.220410
27,131,070501,3898,+44.457167,-093.153616
27,131,070503,3181,+44.441577,-093.150857
27,131,070504,3552,+44.438361,-093.173346
27,131,070601,4191,+44.464511,-093.167763
27,131,070602,4854,+44.456210,-093.188368
27,131,070700,7194,+44.293114,-093.255513
27,131,070800,7296,+44.276524,-093.280232
27,131,070901,5541,+44.306022,-093.287635
27,131,070902,3453,+44.288878,-093.288017
27,133,570100,2490,+43.708511,-096.278628
27,133,570200,3965,+43.660143,-096.212357
27,133,570300,3232,+43.586788,-096.240626
27,135,970100,4049,+48.912275,-095.356827
27,135,970200,2160,+48.804515,-095.994331
27,135,970300,3826,+48.843523,-095.758471
27,135,970400,3755,+48.787866,-095.419139
27,135,970500,1839,+48.662783,-096.120743
27,137,000100,4428,+46.848859,-092.080923
27,137,000200,4242,+46.846400,-092.008070
27,137,000300,7521,+46.810841,-092.149676
27,137,000400,5455,+46.824051,-092.111147
27,137,000500,3422,+46.830994,-092.070087
27,137,000600,5043,+46.832946,-092.034645
27,137,000700,2825,+46.820030,-092.058000
27,137,000900,3737,+46.803889,-092.100557
27,137,001000,2234,+46.810151,-092.079576
27,137,001100,1328,+46.808566,-092.070365
27,137,001200,1637,+46.799462,-092.093434
27,137,001300,1812,+46.802138,-092.087053
27,137,001400,2602,+46.804173,-092.077469
27,137,001600,1512,+46.793743,-092.099405
27,137,001700,1454,+46.796369,-092.088831
27,137,001800,1839,+46.788879,-092.108384
27,137,001900,1917,+46.787479,-092.099933
27,137,002000,1225,+46.778753,-092.113853
27,137,002200,1282,+46.741159,-092.060092
27,137,002300,4163,+46.779643,-092.158733
27,137,002400,1099,+46.771191,-092.135676
27,137,002600,2123,+46.763272,-092.141833
27,137,002900,1636,+46.742290,-092.208403
27,137,003000,1436,+46.745399,-092.173150
27,137,003300,2540,+46.736474,-092.177137
27,137,003400,1450,+46.730168,-092.174678
27,137,003600,1737,+46.712900,-092.204297
27,137,003700,1852,+46.690128,-092.212201
27,137,003800,3025,+46.665276,-092.232609
27,137,010100,2884,+46.745563,-092.225057
27,137,010200,1584,+46.728615,-092.259132
27,137,010300,8527,+46.806003,-092.219104
27,137,010400,3470,+46.885937,-092.105610
27,137,010500,3676,+46.925247,-091.933827
27,137,010600,6198,+46.959303,-092.148158
27,137,011100,7009,+46.857910,-092.385945
27,137,011200,3315,+46.889248,-092.736075
27,137,011300,2151,+47.194594,-092.780486
27,137,011400,3146,+47.276415,-092.325266
27,137,012100,4837,+47.389161,-092.936048
27,137,012200,1873,+47.432318,-092.933759
27,137,012300,2493,+47.425798,-092.933683
27,137,012400,4339,+47.411148,-092.925073
27,137,012500,2856,+47.414343,-092.941924
27,137,012600,4976,+47.491398,-092.881953
27,137,012700,2388,+47.472940,-092.753337
27,137,012800,2912,+47.512164,-092.595780
27,137,013000,2244,+47.532359,-092.543970
27,137,013100,2508,+47.518230,-092.535215
27,137,013200,3960,+47.510254,-092.541359
27,137,013300,3718,+47.464002,-092.540898
27,137,013400,2910,+47.419212,-092.546288
27,137,013500,1799,+47.484410,-092.470524
27,137,013600,1891,+47.509547,-092.356548
27,137,013800,1682,+47.526511,-092.239929
27,137,013900,2396,+47.537413,-092.232223
27,137,014000,2017,+47.515215,-092.139684
27,137,014100,1475,+47.705384,-091.954239
27,137,015100,2966,+47.685468,-092.882680
27,137,015200,3521,+47.702588,-092.546983
27,137,015300,3450,+47.902536,-091.856680
27,137,015400,3422,+47.834901,-092.045252
27,137,015500,3441,+48.001079,-092.665667
27,137,015600,3082,+46.766384,-092.130138
27,137,015700,4787,+46.817986,-092.084485
27,137,015800,3747,+46.749233,-092.158283
27,137,990100,0,+46.810946,-091.917975
27,139,080100,1845,+44.774381,-093.335229
27,139,080201,2328,+44.770384,-093.385704
27,139,080202,4623,+44.754307,-093.383444
27,139,080203,7542,+44.756974,-093.341964
27,139,080204,2621,+44.734853,-093.378678
27,139,080205,7952,+44.738061,-093.348691
27,139,080301,10847,+44.782724,-093.463413
27,139,080302,14633,+44.769701,-093.493842
27,139,080400,3834,+44.794036,-093.515674
27,139,080500,2816,+44.791938,-093.535628
27,139,080600,4444,+44.782160,-093.539025
27,139,080700,2421,+44.765665,-093.555561
27,139,080800,7720,+44.671975,-093.615936
27,139,080903,6756,+44.726289,-093.459856
27,139,080904,7381,+44.704087,-093.426286
27,139,080905,4980,+44.739632,-093.416565
27,139,080906,4908,+44.718904,-093.407888
27,139,081000,7580,+44.668171,-093.397117
27,139,081100,10329,+44.581964,-093.368488
27,139,081200,5928,+44.560218,-093.572031
27,139,081300,8440,+44.614339,-093.756327
27,141,030101,11300,+45.435431,-093.585382
27,141,030102,7374,+45.506090,-093.576711
27,141,030200,7224,+45.465989,-093.718169
27,141,030300,5929,+45.484260,-093.996873
27,141,030402,9292,+45.327230,-093.728135
27,141,030403,8924,+45.360906,-093.745117
27,141,030404,8983,+45.416786,-093.856305
27,141,030502,11141,+45.311196,-093.544194
27,141,030503,6193,+45.306041,-093.600476
27,141,030504,4991,+45.333203,-093.594838
27,141,031500,7148,+45.544248,-094.129743
27,143,170198,4305,+44.637974,-093.994803
27,143,170200,3640,+44.550926,-094.451543
27,143,170300,3308,+44.553489,-094.227187
27,143,170400,3973,+44.576268,-094.047834
27,145,000301,3280,+45.547632,-094.166294
27,145,000302,7397,+45.543915,-094.157105
27,145,000401,5106,+45.537515,-094.196562
27,145,000402,5299,+45.521312,-094.176685
27,145,000500,7132,+45.545618,-094.224729
27,145,000601,3510,+45.556583,-094.191623
27,145,000602,3034,+45.558344,-094.178125
27,145,000701,2857,+45.568232,-094.193965
27,145,000801,3342,+45.567590,-094.172775
27,145,000901,4489,+45.578065,-094.184830
27,145,001001,8833,+45.576498,-094.233891
27,145,010101,7024,+45.637877,-094.225868
27,145,010102,8213,+45.610678,-094.218715
27,145,010200,5687,+45.674673,-094.292929
27,145,010401,3759,+45.616109,-094.453802
27,145,010402,3947,+45.627831,-094.569012
27,145,010403,3045,+45.721186,-094.503663
27,145,010500,3691,+45.663273,-094.753647
27,145,010600,4054,+45.686890,-094.815567
27,145,010900,3821,+45.492324,-094.980451
27,145,011000,3901,+45.370850,-094.712380
27,145,011100,7042,+45.442467,-094.572337
27,145,011200,6487,+45.360500,-094.236494
27,145,011301,7846,+45.559704,-094.306467
27,145,011302,6779,+45.454148,-094.435450
27,145,011304,6321,+45.522115,-094.372919
27,145,011400,4539,+45.467235,-094.182377
27,145,011500,6274,+45.724616,-094.959795
27,145,011600,3933,+45.555402,-094.151871
27,147,960100,4706,+44.136969,-093.226080
27,147,960200,6051,+44.090415,-093.201895
27,147,960300,6704,+44.104257,-093.217238
27,147,960400,4112,+44.086497,-093.238248
27,147,960500,2830,+43.988187,-093.278003
27,147,960600,3607,+44.071272,-093.228113
27,147,960700,4822,+44.071277,-093.210649
27,147,960800,3744,+43.876701,-093.132549
27,149,480100,2426,+45.613239,-096.031795
27,149,480200,3994,+45.590806,-095.904016
27,149,480300,3306,+45.544574,-095.875075
27,151,960100,2415,+45.245035,-095.359308
27,151,960200,3322,+45.315161,-095.602685
27,151,960300,1805,+45.295870,-095.657072
27,151,960400,2241,+45.226912,-096.003164
27,153,790100,3253,+46.347182,-094.786844
27,153,790200,2686,+46.286543,-095.029266
27,153,790300,3182,+46.120105,-094.998571
27,153,790400,3468,+46.139849,-094.801353
27,153,790500,2653,+45.925091,-094.759285
27,153,790600,3852,+45.973055,-094.862259
27,153,790700,3904,+45.888511,-095.015651
27,153,790800,1897,+45.808988,-094.784488
27,155,460100,2116,+45.829560,-096.477000
27,155,460200,1442,+45.635915,-096.654707
27,157,490100,2798,+44.375280,-092.037731
27,157,490200,3397,+44.286390,-092.034152
27,157,490300,4055,+44.444174,-092.270627
27,157,490400,4532,+44.285398,-092.446373
27,157,490500,3446,+44.222897,-092.253577
27,157,490600,3448,+44.165547,-092.167195
27,159,480100,3285,+46.733908,-095.056243
27,159,480200,5682,+46.480061,-094.952909
27,159,480300,4876,+46.434902,-095.134403
27,161,790100,3364,+44.131851,-093.689722
27,161,790200,2666,+43.907858,-093.560726
27,161,790300,3137,+44.055501,-093.530262
27,161,790400,5481,+44.085550,-093.502338
27,161,790500,4488,+44.072728,-093.510975
27,163,070103,4950,+45.277194,-092.995876
27,163,070104,2925,+45.267773,-092.972533
27,163,070105,4238,+45.273602,-092.931399
27,163,070106,6262,+45.245654,-092.976702
27,163,070203,7734,+45.173044,-092.989907
27,163,070204,5598,+45.142426,-092.988608
27,163,070205,3936,+45.255826,-092.832198
27,163,070206,3465,+45.162287,-092.812930
27,163,070301,1614,+45.092942,-092.961708
27,163,070303,4811,+45.049041,-092.973116
27,163,070304,4714,+45.061226,-092.953853
27,163,070403,3884,+45.080993,-092.908953
27,163,070404,3407,+45.088130,-092.829030
27,163,070405,4340,+45.018328,-092.908980
27,163,070406,3703,+44.973926,-092.891948
27,163,070501,3566,+45.063236,-092.834989
27,163,070502,4054,+45.061067,-092.813135
27,163,070601,6532,+45.047408,-092.841702
27,163,070602,2781,+45.045863,-092.809041
27,163,070701,6580,+44.991095,-092.828405
27,163,070703,3336,+45.032778,-092.805988
27,163,070704,1897,+45.016892,-092.782399
27,163,070801,1587,+45.027373,-092.789226
27,163,070802,448,+45.024958,-092.802093
27,163,070906,5090,+45.007189,-092.965112
27,163,070907,4991,+45.016905,-092.974355
27,163,070909,5593,+44.980244,-092.951714
27,163,070910,4856,+44.955734,-092.965741
27,163,070911,4620,+44.980242,-092.970306
27,163,070912,2922,+44.966777,-092.973168
27,163,071001,4834,+44.934419,-092.976393
27,163,071003,3435,+44.872257,-092.998652
27,163,071006,4658,+44.934472,-092.947001
27,163,071010,5298,+44.932711,-092.924985
27,163,071011,2945,+44.928601,-092.911017
27,163,071012,4912,+44.906549,-092.971665
27,163,071013,4962,+44.914330,-092.953009
27,163,071014,4285,+44.897843,-092.954156
27,163,071015,6802,+44.911905,-092.922693
27,163,071016,4585,+44.897121,-092.929665
27,163,071017,6083,+44.932279,-092.891333
27,163,071018,12597,+44.902595,-092.895367
27,163,071101,3526,+44.938904,-092.771784
27,163,071102,4630,+44.869549,-092.817814
27,163,071206,9609,+44.847087,-092.955611
27,163,071207,7218,+44.839911,-092.916870
27,163,071208,5100,+44.826946,-092.939368
27,163,071209,5951,+44.822946,-092.916644
27,163,071300,5269,+44.837296,-092.988407
27,163,071400,7003,+44.814775,-092.961941
27,165,950100,3568,+44.055472,-094.481227
27,165,950200,4666,+43.983410,-094.628995
27,165,950300,2977,+43.934753,-094.635656
27,167,950100,3250,+46.367246,-096.473917
27,167,950200,3326,+46.266985,-096.584074
27,169,670100,7451,+44.069886,-091.803660
27,169,670200,3063,+44.066047,-091.706954
27,169,670300,6684,+44.046763,-091.681489
27,169,670400,4484,+44.051464,-091.657005
27,169,670500,5646,+44.048683,-091.642300
27,169,670600,4231,+44.039855,-091.634355
27,169,670700,3741,+44.041122,-091.618342
27,169,670800,7293,+43.957674,-091.535105
27,169,670900,3852,+43.965226,-091.859913
27,169,671000,5016,+43.959907,-092.050935
27,171,100100,12767,+45.267596,-093.608246
27,171,100202,1461,+45.279599,-093.839269
27,171,100203,5568,+45.302842,-093.816673
27,171,100204,8926,+45.286917,-093.770718
27,171,100300,5376,+45.364792,-094.004066
27,171,100400,5024,+45.272122,-094.095403
27,171,100500,4675,+45.232507,-094.159643
27,171,100701,5755,+45.167348,-093.874704
27,171,100702,8207,+45.190608,-093.853161
27,171,100703,8470,+45.209476,-093.931235
27,171,100801,12818,+45.211900,-093.680512
27,171,100802,13797,+45.212755,-093.634588
27,171,100900,7321,+45.104321,-093.766663
27,171,101000,8224,+45.035786,-093.796950
27,171,101100,7416,+45.071562,-093.936190
27,171,101200,3931,+45.061823,-094.067065
27,171,101300,4964,+45.074994,-094.190407
27,173,970100,3371,+44.809523,-095.587724
27,173,970200,2520,+44.713259,-096.284827
27,173,970300,2517,+44.736763,-095.926896
27,173,970400,2030,+44.649179,-095.526483
