FIPS,tract_id,STATE2KX,CNTY2KX,TRACT2KX,e0,see0,abridged,flag,quantize,county,region
27053,27053027101,27,053,027101,91.9,3.8982,3,above,high,Hennepin,metro
27145,27145010500,27,145,010500,91.2,3.8502,3,above,high,Stearns,outstate
27147,27147960200,27,147,960200,91.2,3.919,3,above,high,Steele,outstate
27137,27137000100,27,137,000100,90.6,3.9801,3,above,high,St. Louis,outstate
27003,27003050707,27,003,050707,90.1,3.8033,3,above,high,Anoka,metro
27135,27135970400,27,135,970400,90.1,3.7277,3,above,high,Roseau,outstate
27109,27109001702,27,109,001702,89.5,3.4329,3,above,high,Olmsted,outstate
27053,27053125600,27,053,125600,89.4,3.6809,3,above,high,Hennepin,metro
27059,27059130301,27,059,130301,89.4,2.9002,1,above,high,Isanti,outstate
27151,27151960300,27,151,960300,89.2,3.6875,3,above,high,Swift,outstate
27045,27045960400,27,045,960400,88.4,2.7147,3,above,high,Fillmore,outstate
27053,27053026609,27,053,026609,88.4,3.5777,3,above,high,Hennepin,metro
27061,27061481000,27,061,481000,88.4,2.5241,3,above,high,Itasca,outstate
27089,27089080300,27,089,080300,88.4,2.8537,3,above,high,Marshall,outstate
27057,27057070200,27,057,070200,88.3,3.0034,3,above,high,Hubbard,outstate
27109,27109001601,27,109,001601,88.3,2.6462,3,above,high,Olmsted,outstate
27051,27051070100,27,051,070100,88.2,2.457,3,above,high,Grant,outstate
27053,27053011998,27,053,011998,88.1,2.6202,3,above,high,Hennepin,metro
27053,27053106600,27,053,106600,88.1,3.775,3,above,high,Hennepin,metro
27085,27085950600,27,085,950600,88.1,2.7297,3,above,high,McLeod,outstate
27079,27079950100,27,079,950100,88,2.454,3,above,high,Le Sueur,outstate
27053,27053022200,27,053,022200,87.7,2.7687,3,above,high,Hennepin,metro
27053,27053026512,27,053,026512,87.7,3.4995,3,above,high,Hennepin,metro
27097,27097780300,27,097,780300,87.7,2.3879,3,above,high,Morrison,outstate
27137,27137000200,27,137,000200,87.7,2.6802,3,above,high,St. Louis,outstate
27019,27019090601,27,019,090601,87.6,3.9151,3,above,high,Carver,metro
27053,27053023802,27,053,023802,87.6,3.7102,3,above,high,Hennepin,metro
27053,27053026606,27,053,026606,87.6,2.7443,3,above,high,Hennepin,metro
27105,27105105100,27,105,105100,87.6,2.5882,3,above,high,Nobles,outstate
27053,27053026510,27,053,026510,87.5,3.4783,3,above,high,Hennepin,metro
27013,27013170500,27,013,170500,87.4,3.2285,3,above,high,Blue Earth,outstate
27127,27127750400,27,127,750400,87.4,2.5383,3,above,high,Redwood,outstate
27149,27149480200,27,149,480200,87.4,2.1372,3,above,high,Stevens,outstate
27013,27013171500,27,013,171500,87.3,2.8292,3,above,high,Blue Earth,outstate
27019,27019090800,27,019,090800,87.3,2.9418,3,above,high,Carver,metro
27055,27055020200,27,055,020200,87.3,2.2958,3,above,high,Houston,outstate
27103,27103480600,27,103,480600,87.2,3.7969,3,above,high,Nicollet,outstate
27123,27123042002,27,123,042002,87.2,3.8757,3,above,high,Ramsey,metro
27053,27053026006,27,053,026006,86.9,3.847,3,above,high,Hennepin,metro
27109,27109001603,27,109,001603,86.9,2.5331,3,above,high,Olmsted,outstate
27005,27005450800,27,005,450800,86.8,3.943,3,above,high,Becker,outstate
27163,27163070105,27,163,070105,86.8,3.7466,3,above,high,Washington,metro
27163,27163071015,27,163,071015,86.8,2.0824,3,above,high,Washington,metro
27003,27003050115,27,003,050115,86.7,3.9202,3,above,high,Anoka,metro
27041,27041450100,27,041,450100,86.7,2.5167,3,above,high,Douglas,outstate
27053,27053023901,27,053,023901,86.7,2.4696,3,above,high,Hennepin,metro
27053,27053026018,27,053,026018,86.7,3.3232,3,above,high,Hennepin,metro
27053,27053026610,27,053,026610,86.7,2.2726,3,above,high,Hennepin,metro
27053,27053027504,27,053,027504,86.7,3.1979,3,above,high,Hennepin,metro
27053,27053021900,27,053,021900,86.6,1.8406,3,above,high,Hennepin,metro
27053,27053022801,27,053,022801,86.6,2.2682,3,above,high,Hennepin,metro
27163,27163070403,27,163,070403,86.6,2.6375,3,above,high,Washington,metro
27037,27037060604,27,037,060604,86.5,1.6488,3,above,high,Dakota,metro
27063,27063480400,27,063,480400,86.5,2.4311,3,above,high,Jackson,outstate
27089,27089080100,27,089,080100,86.5,2.5232,3,above,high,Marshall,outstate
27037,27037060737,27,037,060737,86.4,2.5788,3,above,high,Dakota,metro
27123,27123035800,27,123,035800,86.4,3.771,3,above,high,Ramsey,metro
27145,27145010200,27,145,010200,86.4,2.7536,3,above,high,Stearns,outstate
27053,27053026104,27,053,026104,86.3,3.392,3,above,high,Hennepin,metro
27053,27053027201,27,053,027201,86.3,2.1791,3,above,high,Hennepin,metro
27101,27101900100,27,101,900100,86.3,3.6,3,above,high,Murray,outstate
27109,27109001502,27,109,001502,86.3,2.8419,3,above,high,Olmsted,outstate
27173,27173970400,27,173,970400,86.3,2.7756,3,above,high,Yellow Medicine,outstate
27019,27019090701,27,019,090701,86.2,2.1369,3,above,high,Carver,metro
27067,27067780200,27,067,780200,86.2,2.3843,3,above,high,Kandiyohi,outstate
27089,27089080200,27,089,080200,86.2,3.241,3,above,high,Marshall,outstate
27153,27153790200,27,153,790200,86.2,2.4313,3,above,high,Todd,outstate
27109,27109001100,27,109,001100,86.1,3.5066,3,above,high,Olmsted,outstate
27053,27053023600,27,053,023600,86,2.6489,3,above,high,Hennepin,metro
27053,27053025701,27,053,025701,86,1.9661,3,above,high,Hennepin,metro
27109,27109001201,27,109,001201,86,1.7505,3,above,high,Olmsted,outstate
27015,27015960200,27,015,960200,85.9,2.0619,3,above,high,Brown,outstate
27053,27053011000,27,053,011000,85.9,3.6103,3,above,high,Hennepin,metro
27121,27121970300,27,121,970300,85.9,2.4145,3,above,high,Pope,outstate
27123,27123040703,27,123,040703,85.9,2.1034,3,above,high,Ramsey,metro
27123,27123040801,27,123,040801,85.9,3.0697,3,above,high,Ramsey,metro
27163,27163070203,27,163,070203,85.9,2.5141,3,above,high,Washington,metro
27019,27019090503,27,019,090503,85.8,3.7202,3,above,high,Carver,metro
27037,27037060713,27,037,060713,85.8,3.8221,3,above,high,Dakota,metro
27053,27053107600,27,053,107600,85.8,3.2373,3,above,high,Hennepin,metro
27053,27053109800,27,053,109800,85.8,3.1245,3,above,high,Hennepin,metro
27091,27091790400,27,091,790400,85.8,3.4666,3,above,high,Martin,outstate
27103,27103480100,27,103,480100,85.8,2.1631,3,above,high,Nicollet,outstate
27123,27123040603,27,123,040603,85.8,3.2409,3,above,high,Ramsey,metro
27143,27143170198,27,143,170198,85.8,1.9273,3,above,high,Sibley,outstate
27163,27163070303,27,163,070303,85.8,2.3186,3,above,high,Washington,metro
27053,27053026505,27,053,026505,85.7,3.0165,3,above,high,Hennepin,metro
27145,27145010401,27,145,010401,85.7,2.7519,3,above,high,Stearns,outstate
27157,27157490200,27,157,490200,85.7,1.9011,3,above,high,Wabasha,outstate
27163,27163071017,27,163,071017,85.7,3.4423,3,above,high,Washington,metro
27171,27171101000,27,171,101000,85.7,1.9887,3,above,high,Wright,outstate
27003,27003050819,27,003,050819,85.6,3.9993,3,above,high,Anoka,metro
27021,27021960100,27,021,960100,85.6,2.4474,3,above,high,Cass,outstate
27041,27041450702,27,041,450702,85.6,3.974,3,above,high,Douglas,outstate
27039,27039950100,27,039,950100,85.5,2.0096,3,above,high,Dodge,outstate
27063,27063480300,27,063,480300,85.5,1.9089,3,above,high,Jackson,outstate
27117,27117460400,27,117,460400,85.5,2.7604,3,above,high,Pipestone,outstate
27147,27147960700,27,147,960700,85.5,1.718,3,above,high,Steele,outstate
27003,27003050229,27,003,050229,85.4,3.7519,3,above,high,Anoka,metro
27033,27033270300,27,033,270300,85.4,2.5397,3,above,high,Cottonwood,outstate
27053,27053026822,27,053,026822,85.4,1.9745,3,above,high,Hennepin,metro
27061,27061480500,27,061,480500,85.4,2.268,3,above,high,Itasca,outstate
27123,27123040604,27,123,040604,85.4,2.2962,3,above,high,Ramsey,metro
27139,27139080800,27,139,080800,85.4,2.8976,3,above,high,Scott,metro
27141,27141030300,27,141,030300,85.4,1.7918,3,above,high,Sherburne,outstate
27151,27151960100,27,151,960100,85.4,2.3083,3,above,high,Swift,outstate
27043,27043460100,27,043,460100,85.3,2.2535,3,above,high,Faribault,outstate
27047,27047180200,27,047,180200,85.3,2.4012,3,above,high,Freeborn,outstate
27083,27083360500,27,083,360500,85.3,2.4558,3,above,high,Lyon,outstate
27097,27097780800,27,097,780800,85.3,1.5903,3,above,high,Morrison,outstate
27153,27153790700,27,153,790700,85.2,1.69,3,above,high,Todd,outstate
27097,27097780200,27,097,780200,85.1,2.089,3,above,high,Morrison,outstate
27111,27111960400,27,111,960400,85.1,2.661,3,above,high,Otter Tail,outstate
27145,27145011301,27,145,011301,85.1,2.9662,3,above,high,Stearns,outstate
27157,27157490400,27,157,490400,85.1,1.8938,3,above,high,Wabasha,outstate
27165,27165950300,27,165,950300,85.1,1.7685,3,above,high,Watonwan,outstate
27003,27003050114,27,003,050114,85,3.9519,3,above,high,Anoka,metro
27003,27003050610,27,003,050610,85,2.906,3,above,high,Anoka,metro
27013,27013171300,27,013,171300,85,1.9868,3,above,high,Blue Earth,outstate
27053,27053011703,27,053,011703,85,2.8909,3,above,high,Hennepin,metro
27053,27053023902,27,053,023902,85,2.1969,3,above,high,Hennepin,metro
27053,27053026207,27,053,026207,85,3.1078,3,above,high,Hennepin,metro
27053,27053109100,27,053,109100,85,2.9841,3,above,high,Hennepin,metro
27121,27121970100,27,121,970100,85,2.9419,3,above,high,Pope,outstate
27123,27123041301,27,123,041301,85,2.8836,3,above,high,Ramsey,metro
27147,27147960500,27,147,960500,85,2.3122,3,above,high,Steele,outstate
27047,27047180100,27,047,180100,84.9,2.1487,3,above,above,Freeborn,outstate
27053,27053026201,27,053,026201,84.9,1.6625,3,above,above,Hennepin,metro
27053,27053026507,27,053,026507,84.9,3.3596,3,above,above,Hennepin,metro
27099,27099001000,27,099,001000,84.9,1.7147,3,above,above,Mower,outstate
27119,27119020500,27,119,020500,84.9,2.1769,3,above,above,Polk,outstate
27123,27123036600,27,123,036600,84.9,1.8958,3,above,above,Ramsey,metro
27131,27131070800,27,131,070800,84.9,2.5243,1,above,above,Rice,outstate
27141,27141030402,27,141,030402,84.9,2.7085,3,above,above,Sherburne,outstate
27003,27003050210,27,003,050210,84.8,3.0229,3,above,above,Anoka,metro
27037,27037060733,27,037,060733,84.8,2.9466,3,above,above,Dakota,metro
27037,27037061001,27,037,061001,84.8,2.2717,3,above,above,Dakota,metro
27039,27039950300,27,039,950300,84.8,2.4635,3,above,above,Dodge,outstate
27053,27053025903,27,053,025903,84.8,2.4251,3,above,above,Hennepin,metro
27067,27067780100,27,067,780100,84.8,2.057,3,above,above,Kandiyohi,outstate
27067,27067780400,27,067,780400,84.8,1.8255,3,above,above,Kandiyohi,outstate
27067,27067781200,27,067,781200,84.8,1.7969,3,above,above,Kandiyohi,outstate
27111,27111961400,27,111,961400,84.8,3.2569,3,above,above,Otter Tail,outstate
27163,27163070602,27,163,070602,84.8,3.0424,3,above,above,Washington,metro
27015,27015960700,27,015,960700,84.7,1.666,3,above,above,Brown,outstate
27053,27053023502,27,053,023502,84.7,1.5904,3,above,above,Hennepin,metro
27053,27053026509,27,053,026509,84.7,2.7248,3,above,above,Hennepin,metro
27053,27053026714,27,053,026714,84.7,2.4527,3,above,above,Hennepin,metro
27109,27109001203,27,109,001203,84.7,2.6358,3,above,above,Olmsted,outstate
27163,27163070405,27,163,070405,84.7,2.372,3,above,above,Washington,metro
27169,27169670400,27,169,670400,84.7,2.5222,3,above,above,Winona,outstate
27015,27015960300,27,015,960300,84.6,2.3642,3,above,above,Brown,outstate
27053,27053026016,27,053,026016,84.6,3.1939,3,above,above,Hennepin,metro
27057,27057070100,27,057,070100,84.6,1.6961,3,above,above,Hubbard,outstate
27067,27067780600,27,067,780600,84.6,1.4731,3,above,above,Kandiyohi,outstate
27105,27105105500,27,105,105500,84.6,2.7291,3,above,above,Nobles,outstate
27109,27109002000,27,109,002000,84.6,1.1875,3,above,above,Olmsted,outstate
27131,27131070200,27,131,070200,84.6,1.5755,3,above,above,Rice,outstate
27171,27171100500,27,171,100500,84.6,1.6641,3,above,above,Wright,outstate
27043,27043460300,27,043,460300,84.5,2.6674,3,above,above,Faribault,outstate
27053,27053020101,27,053,020101,84.5,2.1347,3,above,above,Hennepin,metro
27053,27053023801,27,053,023801,84.5,1.6146,3,above,above,Hennepin,metro
27053,27053024500,27,053,024500,84.5,1.788,3,above,above,Hennepin,metro
27053,27053026007,27,053,026007,84.5,1.6962,3,above,above,Hennepin,metro
27053,27053027400,27,053,027400,84.5,1.6004,3,above,above,Hennepin,metro
27053,27053027503,27,053,027503,84.5,3.038,3,above,above,Hennepin,metro
27085,27085950400,27,085,950400,84.5,2.1039,3,above,above,McLeod,outstate
27109,27109001302,27,109,001302,84.5,2.029,3,above,above,Olmsted,outstate
27123,27123040601,27,123,040601,84.5,1.2949,3,above,above,Ramsey,metro
27153,27153790400,27,153,790400,84.5,2.2938,3,above,above,Todd,outstate
27027,27027030202,27,027,030202,84.4,1.8839,3,above,above,Clay,outstate
27047,27047180600,27,047,180600,84.4,2.7148,3,above,above,Freeborn,outstate
27053,27053023903,27,053,023903,84.4,1.7678,3,above,above,Hennepin,metro
27113,27113090200,27,113,090200,84.4,3.3867,3,above,above,Pennington,outstate
27123,27123041105,27,123,041105,84.4,2.2127,3,above,above,Ramsey,metro
27123,27123041602,27,123,041602,84.4,1.9862,3,above,above,Ramsey,metro
27131,27131070503,27,131,070503,84.4,3.3595,3,above,above,Rice,outstate
27145,27145000401,27,145,000401,84.4,3.3981,3,above,above,Stearns,outstate
27163,27163070206,27,163,070206,84.4,2.1325,3,above,above,Washington,metro
27169,27169670800,27,169,670800,84.4,1.6098,1,above,above,Winona,outstate
27037,27037060603,27,037,060603,84.3,1.7174,3,above,above,Dakota,metro
27047,27047180300,27,047,180300,84.3,1.5619,3,above,above,Freeborn,outstate
27053,27053027202,27,053,027202,84.3,3.4973,3,above,above,Hennepin,metro
27053,27053027602,27,053,027602,84.3,3.6193,3,above,above,Hennepin,metro
27059,27059130100,27,059,130100,84.3,2.2425,3,above,above,Isanti,outstate
27123,27123040503,27,123,040503,84.3,2.0025,3,above,above,Ramsey,metro
27149,27149480100,27,149,480100,84.3,2.0982,3,above,above,Stevens,outstate
27003,27003050232,27,003,050232,84.2,3.1679,3,above,above,Anoka,metro
27003,27003050821,27,003,050821,84.2,2.5642,3,above,above,Anoka,metro
27041,27041450500,27,041,450500,84.2,2.3153,3,above,above,Douglas,outstate
27049,27049080400,27,049,080400,84.2,1.6751,3,above,above,Goodhue,outstate
27053,27053025905,27,053,025905,84.2,1.0582,3,above,above,Hennepin,metro
27053,27053026708,27,053,026708,84.2,2.9179,3,above,above,Hennepin,metro
27053,27053105500,27,053,105500,84.2,1.9032,3,above,above,Hennepin,metro
27161,27161790300,27,161,790300,84.2,1.7196,3,above,above,Waseca,outstate
27035,27035951400,27,035,951400,84.1,1.7629,3,above,above,Crow Wing,outstate
27037,27037060605,27,037,060605,84.1,3.5305,3,above,above,Dakota,metro
27053,27053010600,27,053,010600,84.1,2.9283,3,above,above,Hennepin,metro
27053,27053025601,27,053,025601,84.1,2.1016,3,above,above,Hennepin,metro
27099,27099000600,27,099,000600,84.1,2.7629,3,above,above,Mower,outstate
27111,27111961700,27,111,961700,84.1,1.9968,3,above,above,Otter Tail,outstate
27123,27123040707,27,123,040707,84.1,1.6865,3,above,above,Ramsey,metro
27135,27135970200,27,135,970200,84.1,3.3717,3,above,above,Roseau,outstate
27145,27145010900,27,145,010900,84.1,1.4834,3,above,above,Stearns,outstate
27157,27157490500,27,157,490500,84.1,1.9332,3,above,above,Wabasha,outstate
27037,27037060731,27,037,060731,84,2.0537,3,above,above,Dakota,metro
27053,27053021601,27,053,021601,84,1.7947,3,above,above,Hennepin,metro
27053,27053023700,27,053,023700,84,1.5477,3,above,above,Hennepin,metro
27093,27093560600,27,093,560600,84,1.3859,3,above,above,Meeker,outstate
27163,27163071011,27,163,071011,84,2.7081,3,above,above,Washington,metro
27005,27005940000,27,005,940000,83.9,3.0356,1,above,above,Becker,outstate
27037,27037061007,27,037,061007,83.9,2.9857,3,above,above,Dakota,metro
27053,27053026019,27,053,026019,83.9,2.9105,3,above,above,Hennepin,metro
27053,27053026715,27,053,026715,83.9,2.7712,1,above,above,Hennepin,metro
27053,27053027700,27,053,027700,83.9,2.1237,3,above,above,Hennepin,metro
27123,27123034900,27,123,034900,83.9,3.1076,3,above,above,Ramsey,metro
27145,27145010101,27,145,010101,83.9,3.0686,3,above,above,Stearns,outstate
27163,27163071018,27,163,071018,83.9,2.5724,3,above,above,Washington,metro
27005,27005450900,27,005,450900,83.8,2.9952,3,above,above,Becker,outstate
27053,27053025100,27,053,025100,83.8,3.2301,3,above,above,Hennepin,metro
27053,27053110200,27,053,110200,83.8,2.8635,3,above,above,Hennepin,metro
27053,27053111400,27,053,111400,83.8,1.9036,3,above,above,Hennepin,metro
27063,27063480200,27,063,480200,83.8,1.9691,3,above,above,Jackson,outstate
27123,27123042102,27,123,042102,83.8,2.4429,3,above,above,Ramsey,metro
27123,27123042900,27,123,042900,83.8,3.3073,3,above,above,Ramsey,metro
27139,27139080906,27,139,080906,83.8,2.1655,3,above,above,Scott,metro
27137,27137015500,27,137,015500,83.8,2.227,3,above,above,St. Louis,outstate
27145,27145000402,27,145,000402,83.8,2.3802,3,above,above,Stearns,outstate
27163,27163070911,27,163,070911,83.8,2.3973,3,above,above,Washington,metro
27163,27163071014,27,163,071014,83.8,3.4649,3,above,above,Washington,metro
27163,27163071101,27,163,071101,83.8,2.3083,1,above,above,Washington,metro
27037,27037060806,27,037,060806,83.7,2.5295,3,above,above,Dakota,metro
27053,27053021503,27,053,021503,83.7,2.9791,3,above,above,Hennepin,metro
27053,27053026208,27,053,026208,83.7,2.2948,3,above,above,Hennepin,metro
27053,27053026906,27,053,026906,83.7,3.3458,3,above,above,Hennepin,metro
27053,27053122600,27,053,122600,83.7,2.4447,3,above,above,Hennepin,metro
27123,27123041400,27,123,041400,83.7,1.4118,3,above,above,Ramsey,metro
27123,27123041800,27,123,041800,83.7,1.9162,3,above,above,Ramsey,metro
27123,27123043000,27,123,043000,83.7,1.2154,3,above,above,Ramsey,metro
27145,27145011100,27,145,011100,83.7,1.4911,1,above,above,Stearns,outstate
27163,27163070106,27,163,070106,83.7,2.5055,3,above,above,Washington,metro
27037,27037061502,27,037,061502,83.6,1.8423,3,above,above,Dakota,metro
27047,27047181000,27,047,181000,83.6,1.7274,3,above,above,Freeborn,outstate
27085,27085950500,27,085,950500,83.6,2.0707,3,above,above,McLeod,outstate
27093,27093560500,27,093,560500,83.6,1.6894,3,above,above,Meeker,outstate
27109,27109001900,27,109,001900,83.6,1.4985,3,above,above,Olmsted,outstate
27123,27123040301,27,123,040301,83.6,2.1146,3,above,above,Ramsey,metro
27123,27123041001,27,123,041001,83.6,1.9367,3,above,above,Ramsey,metro
27137,27137003700,27,137,003700,83.6,3.9027,3,above,above,St. Louis,outstate
27171,27171100802,27,171,100802,83.6,2.4421,3,above,above,Wright,outstate
27027,27027030106,27,027,030106,83.5,3.905,3,above,above,Clay,outstate
27043,27043460500,27,043,460500,83.5,2.3514,3,above,above,Faribault,outstate
27053,27053105100,27,053,105100,83.5,2.9516,3,above,above,Hennepin,metro
27077,27077460300,27,077,460300,83.5,2.8878,3,above,above,Lake of the Woods,outstate
27123,27123040705,27,123,040705,83.5,2.3856,3,above,above,Ramsey,metro
27127,27127750500,27,127,750500,83.5,1.8015,3,above,above,Redwood,outstate
27009,27009020300,27,009,020300,83.4,2.8096,3,above,above,Benton,outstate
27019,27019091201,27,019,091201,83.4,2.0612,3,above,above,Carver,metro
27035,27035951600,27,035,951600,83.4,2.0095,3,above,above,Crow Wing,outstate
27053,27053026403,27,053,026403,83.4,1.8193,3,above,above,Hennepin,metro
27095,27095170600,27,095,170600,83.4,2.3066,3,above,above,Mille Lacs,outstate
27111,27111961600,27,111,961600,83.4,2.013,3,above,above,Otter Tail,outstate
27123,27123040402,27,123,040402,83.4,2.6054,3,above,above,Ramsey,metro
27139,27139080905,27,139,080905,83.4,2.5247,3,above,above,Scott,metro
27141,27141030504,27,141,030504,83.4,2.6338,3,above,above,Sherburne,outstate
27167,27167950200,27,167,950200,83.4,2.03,3,above,above,Wilkin,outstate
27035,27035950800,27,035,950800,83.3,1.4575,3,above,above,Crow Wing,outstate
27075,27075370100,27,075,370100,83.3,1.9464,3,above,above,Lake,outstate
27123,27123035200,27,123,035200,83.3,3.0109,3,above,above,Ramsey,metro
27123,27123042101,27,123,042101,83.3,2.9798,1,above,above,Ramsey,metro
27123,27123042301,27,123,042301,83.3,2.4201,3,above,above,Ramsey,metro
27131,27131070504,27,131,070504,83.3,3.8254,3,above,above,Rice,outstate
27137,27137000900,27,137,000900,83.3,3.0197,3,above,above,St. Louis,outstate
27003,27003050811,27,003,050811,83.2,2.802,3,above,above,Anoka,metro
27037,27037060507,27,037,060507,83.2,3.3038,3,above,above,Dakota,metro
27037,27037060716,27,037,060716,83.2,3.3653,3,above,above,Dakota,metro
27041,27041451000,27,041,451000,83.2,1.4824,3,above,above,Douglas,outstate
27057,27057070400,27,057,070400,83.2,2.0403,3,above,above,Hubbard,outstate
27063,27063480100,27,063,480100,83.2,1.8388,3,above,above,Jackson,outstate
27077,27077460400,27,077,460400,83.2,2.6866,3,above,above,Lake of the Woods,outstate
27109,27109001202,27,109,001202,83.2,2.1465,3,above,above,Olmsted,outstate
27123,27123041106,27,123,041106,83.2,2.4026,3,above,above,Ramsey,metro
27123,27123042602,27,123,042602,83.2,2.5132,3,above,above,Ramsey,metro
27163,27163071102,27,163,071102,83.2,1.6201,3,above,above,Washington,metro
27009,27009020202,27,009,020202,83.1,2.2162,3,above,above,Benton,outstate
27021,27021960802,27,021,960802,83.1,1.6896,3,above,above,Cass,outstate
27053,27053021504,27,053,021504,83.1,2.3038,3,above,above,Hennepin,metro
27109,27109001602,27,109,001602,83.1,3.0274,3,above,above,Olmsted,outstate
27113,27113090100,27,113,090100,83.1,2.6936,3,above,above,Pennington,outstate
27123,27123042503,27,123,042503,83.1,3.6291,3,above,above,Ramsey,metro
27137,27137000700,27,137,000700,83.1,1.6726,3,above,above,St. Louis,outstate
27137,27137010500,27,137,010500,83.1,1.8546,3,above,above,St. Louis,outstate
27145,27145010402,27,145,010402,83.1,1.6165,3,above,above,Stearns,outstate
27163,27163070301,27,163,070301,83.1,2.2183,3,above,above,Washington,metro
27053,27053026013,27,053,026013,83,2.0791,3,above,above,Hennepin,metro
27053,27053026103,27,053,026103,83,1.9086,3,above,above,Hennepin,metro
27053,27053026302,27,053,026302,83,1.8827,3,above,above,Hennepin,metro
27053,27053026613,27,053,026613,83,1.0512,3,above,above,Hennepin,metro
27091,27091790300,27,091,790300,83,1.8232,3,above,above,Martin,outstate
27123,27123041107,27,123,041107,83,2.2143,3,above,above,Ramsey,metro
27025,27025110401,27,025,110401,82.9,1.6611,3,above,above,Chisago,outstate
27037,27037060738,27,037,060738,82.9,3.4047,3,above,above,Dakota,metro
27053,27053111300,27,053,111300,82.9,1.695,3,above,above,Hennepin,metro
27091,27091790200,27,091,790200,82.9,2.0934,3,above,above,Martin,outstate
27123,27123041601,27,123,041601,82.9,2.2381,3,above,above,Ramsey,metro
27123,27123041900,27,123,041900,82.9,1.8184,3,above,above,Ramsey,metro
27125,27125010100,27,125,010100,82.9,2.3158,3,above,above,Red Lake,outstate
27147,27147960100,27,147,960100,82.9,1.3152,3,above,above,Steele,outstate
27171,27171100801,27,171,100801,82.9,2.5989,3,above,above,Wright,outstate
27003,27003050711,27,003,050711,82.8,3.3551,3,above,above,Anoka,metro
27053,27053021200,27,053,021200,82.8,2.1032,3,above,above,Hennepin,metro
27053,27053027300,27,053,027300,82.8,1.8065,3,above,above,Hennepin,metro
27053,27053122500,27,053,122500,82.8,2.5125,3,above,above,Hennepin,metro
27079,27079950600,27,079,950600,82.8,1.9236,3,above,above,Le Sueur,outstate
27099,27099001400,27,099,001400,82.8,1.4848,3,above,above,Mower,outstate
27109,27109001301,27,109,001301,82.8,1.474,3,above,above,Olmsted,outstate
27123,27123042401,27,123,042401,82.8,1.2702,3,above,above,Ramsey,metro
27163,27163070204,27,163,070204,82.8,3.5766,3,above,above,Washington,metro
27171,27171100300,27,171,100300,82.8,1.785,3,above,above,Wright,outstate
27003,27003050710,27,003,050710,82.7,3.7361,3,above,above,Anoka,metro
27003,27003050805,27,003,050805,82.7,2.9702,3,above,above,Anoka,metro
27019,27019090200,27,019,090200,82.7,1.33,3,above,above,Carver,metro
27021,27021960302,27,021,960302,82.7,2.6681,3,above,above,Cass,outstate
27035,27035951200,27,035,951200,82.7,3.9723,3,above,above,Crow Wing,outstate
27037,27037060725,27,037,060725,82.7,2.2617,3,above,above,Dakota,metro
27037,27037061106,27,037,061106,82.7,2.6484,3,above,above,Dakota,metro
27053,27053024400,27,053,024400,82.7,1.644,3,above,above,Hennepin,metro
27053,27053025907,27,053,025907,82.7,1.4646,3,above,above,Hennepin,metro
27053,27053026101,27,053,026101,82.7,1.5079,3,above,above,Hennepin,metro
27053,27053026202,27,053,026202,82.7,1.8695,3,above,above,Hennepin,metro
27053,27053026611,27,053,026611,82.7,1.8025,3,above,above,Hennepin,metro
27057,27057070500,27,057,070500,82.7,2.0818,3,above,above,Hubbard,outstate
27097,27097780400,27,097,780400,82.7,2.2427,3,above,above,Morrison,outstate
27123,27123030300,27,123,030300,82.7,1.8643,3,above,above,Ramsey,metro
27123,27123037500,27,123,037500,82.7,1.5806,3,above,above,Ramsey,metro
27123,27123040200,27,123,040200,82.7,2.4323,3,above,above,Ramsey,metro
27169,27169670900,27,169,670900,82.7,1.5642,3,above,above,Winona,outstate
27171,27171100703,27,171,100703,82.7,1.7306,3,above,above,Wright,outstate
27003,27003050225,27,003,050225,82.6,3.3711,3,above,above,Anoka,metro
27025,27025110402,27,025,110402,82.6,2.102,3,above,above,Chisago,outstate
27037,27037060709,27,037,060709,82.6,3.4083,1,above,above,Dakota,metro
27037,27037060727,27,037,060727,82.6,2.3889,3,above,above,Dakota,metro
27037,27037060748,27,037,060748,82.6,2.706,3,above,above,Dakota,metro
27109,27109001703,27,109,001703,82.6,1.3161,3,above,above,Olmsted,outstate
27003,27003050215,27,003,050215,82.5,1.9062,3,above,above,Anoka,metro
27003,27003050709,27,003,050709,82.5,2.7238,3,above,above,Anoka,metro
27019,27019091100,27,019,091100,82.5,2.8825,3,above,above,Carver,metro
27037,27037060102,27,037,060102,82.5,2.3413,3,above,above,Dakota,metro
27037,27037061402,27,037,061402,82.5,1.4697,3,above,above,Dakota,metro
27053,27053012001,27,053,012001,82.5,1.5924,3,above,above,Hennepin,metro
27053,27053021700,27,053,021700,82.5,1.7857,3,above,above,Hennepin,metro
27053,27053024100,27,053,024100,82.5,1.9374,3,above,above,Hennepin,metro
27053,27053025603,27,053,025603,82.5,1.72,3,above,above,Hennepin,metro
27115,27115950100,27,115,950100,82.5,2.2351,3,above,above,Pine,outstate
27137,27137001000,27,137,001000,82.5,2.3008,3,above,above,St. Louis,outstate
27001,27001790502,27,001,790502,82.5,1.5108,3,above,above,Aitkin,outstate
27027,27027030104,27,027,030104,82.4,1.6986,1,above,above,Clay,outstate
27037,27037060201,27,037,060201,82.4,2.023,3,above,above,Dakota,metro
27037,27037060826,27,037,060826,82.4,2.0419,3,above,above,Dakota,metro
27045,27045960100,27,045,960100,82.4,1.1724,3,above,above,Fillmore,outstate
27049,27049080700,27,049,080700,82.4,1.3062,3,above,above,Goodhue,outstate
27053,27053103600,27,053,103600,82.4,3.1491,3,above,above,Hennepin,metro
27111,27111960102,27,111,960102,82.4,2.1106,3,above,above,Otter Tail,outstate
27145,27145010403,27,145,010403,82.4,1.4838,3,above,above,Stearns,outstate
27145,27145011400,27,145,011400,82.4,1.74,3,above,above,Stearns,outstate
27163,27163070701,27,163,070701,82.4,1.5279,3,above,above,Washington,metro
27165,27165950100,27,165,950100,82.4,1.3406,3,above,above,Watonwan,outstate
27027,27027020600,27,027,020600,82.3,1.8115,3,above,above,Clay,outstate
27029,27029000200,27,029,000200,82.3,1.6923,3,above,above,Clearwater,outstate
27033,27033270100,27,033,270100,82.3,1.2179,3,above,above,Cottonwood,outstate
27035,27035950501,27,035,950501,82.3,1.8592,3,above,above,Crow Wing,outstate
27037,27037060606,27,037,060606,82.3,1.6291,3,above,above,Dakota,metro
27037,27037060735,27,037,060735,82.3,2.6587,3,above,above,Dakota,metro
27037,27037061501,27,037,061501,82.3,1.8857,3,above,above,Dakota,metro
27049,27049080500,27,049,080500,82.3,1.4323,3,above,above,Goodhue,outstate
27053,27053022802,27,053,022802,82.3,1.9625,3,above,above,Hennepin,metro
27055,27055020100,27,055,020100,82.3,1.2076,3,above,above,Houston,outstate
27065,27065480200,27,065,480200,82.3,1.9169,3,above,above,Kanabec,outstate
27123,27123042201,27,123,042201,82.3,3.5304,3,above,above,Ramsey,metro
27137,27137010200,27,137,010200,82.3,2.946,3,above,above,St. Louis,outstate
27171,27171100900,27,171,100900,82.3,1.5647,3,above,above,Wright,outstate
27173,27173970300,27,173,970300,82.3,1.3965,3,above,above,Yellow Medicine,outstate
27003,27003050602,27,003,050602,82.2,2.8726,3,above,above,Anoka,metro
27007,27007450300,27,007,450300,82.2,1.2993,3,above,above,Beltrami,outstate
27013,27013171000,27,013,171000,82.2,1.4664,3,above,above,Blue Earth,outstate
27049,27049080900,27,049,080900,82.2,1.1907,3,above,above,Goodhue,outstate
27053,27053111600,27,053,111600,82.2,1.6979,3,above,above,Hennepin,metro
27099,27099000900,27,099,000900,82.2,1.3383,3,above,above,Mower,outstate
27105,27105105600,27,105,105600,82.2,1.1893,3,above,above,Nobles,outstate
27117,27117460500,27,117,460500,82.2,1.4706,3,above,above,Pipestone,outstate
27123,27123036300,27,123,036300,82.2,1.3309,3,above,above,Ramsey,metro
27123,27123037200,27,123,037200,82.2,3.0231,3,above,above,Ramsey,metro
27123,27123040302,27,123,040302,82.2,1.7813,3,above,above,Ramsey,metro
27161,27161790100,27,161,790100,82.2,1.4471,3,above,above,Waseca,outstate
27015,27015960102,27,015,960102,82.1,2.9234,3,above,above,Brown,outstate
27053,27053026206,27,053,026206,82.1,1.5118,3,above,above,Hennepin,metro
27055,27055020500,27,055,020500,82.1,1.4056,3,above,above,Houston,outstate
27131,27131070501,27,131,070501,82.1,2.0908,3,above,above,Rice,outstate
27145,27145000701,27,145,000701,82.1,2.0299,3,above,above,Stearns,outstate
27163,27163071400,27,163,071400,82.1,1.4853,3,above,above,Washington,metro
27013,27013170200,27,013,170200,82,1.1994,3,above,above,Blue Earth,outstate
27053,27053021800,27,053,021800,82,1.487,3,above,above,Hennepin,metro
27053,27053106500,27,053,106500,82,0.9046,3,above,above,Hennepin,metro
27145,27145011000,27,145,011000,82,1.2512,3,above,above,Stearns,outstate
27145,27145011200,27,145,011200,82,1.0833,3,above,above,Stearns,outstate
27163,27163071001,27,163,071001,82,1.9109,3,above,above,Washington,metro
27003,27003050108,27,003,050108,81.9,3.6909,3,above,above,Anoka,metro
27003,27003051102,27,003,051102,81.9,2.0395,3,above,above,Anoka,metro
27007,27007450500,27,007,450500,81.9,2.8141,3,above,above,Beltrami,outstate
27053,27053023501,27,053,023501,81.9,1.3287,3,above,above,Hennepin,metro
27053,27053024003,27,053,024003,81.9,1.1043,3,above,above,Hennepin,metro
27053,27053026205,27,053,026205,81.9,1.749,3,above,above,Hennepin,metro
27053,27053026712,27,053,026712,81.9,2.8613,3,above,above,Hennepin,metro
27053,27053110800,27,053,110800,81.9,2.1073,3,above,above,Hennepin,metro
27139,27139081000,27,139,081000,81.9,1.2781,2,above,above,Scott,metro
27137,27137010600,27,137,010600,81.9,1.5046,3,above,above,St. Louis,outstate
27137,27137013400,27,137,013400,81.9,1.2751,3,above,above,St. Louis,outstate
27147,27147960300,27,147,960300,81.9,1.7741,3,above,above,Steele,outstate
27163,27163071006,27,163,071006,81.9,2.7815,3,above,above,Washington,metro
27001,27001770400,27,001,770400,81.9,2.1547,3,above,above,Aitkin,outstate
27003,27003050221,27,003,050221,81.8,2.3179,3,above,above,Anoka,metro
27003,27003050609,27,003,050609,81.8,2.3181,3,above,above,Anoka,metro
27023,27023950300,27,023,950300,81.8,2.0498,3,above,above,Chippewa,outstate
27037,27037060814,27,037,060814,81.8,3.0601,3,above,above,Dakota,metro
27045,27045960200,27,045,960200,81.8,0.9561,3,above,above,Fillmore,outstate
27053,27053020102,27,053,020102,81.8,1.6755,3,above,above,Hennepin,metro
27053,27053026605,27,053,026605,81.8,1.2331,3,above,above,Hennepin,metro
27053,27053027102,27,053,027102,81.8,1.7791,3,above,above,Hennepin,metro
27073,27073180300,27,073,180300,81.8,1.5091,3,above,above,Lac qui Parle,outstate
27099,27099001300,27,099,001300,81.8,1.0274,3,above,above,Mower,outstate
27109,27109001800,27,109,001800,81.8,1.718,3,above,above,Olmsted,outstate
27123,27123040706,27,123,040706,81.8,1.2172,3,above,above,Ramsey,metro
27131,27131070400,27,131,070400,81.8,1.0418,3,above,above,Rice,outstate
27139,27139080904,27,139,080904,81.8,1.469,3,above,above,Scott,metro
27141,27141030403,27,141,030403,81.8,2.9544,3,above,above,Sherburne,outstate
27137,27137011300,27,137,011300,81.8,1.7468,3,above,above,St. Louis,outstate
27005,27005450200,27,005,450200,81.7,2.0502,3,above,above,Becker,outstate
27025,27025110301,27,025,110301,81.7,2.8069,3,above,above,Chisago,outstate
27031,27031480200,27,031,480200,81.7,1.4978,3,above,above,Cook,outstate
27037,27037061401,27,037,061401,81.7,2.1248,3,above,above,Dakota,metro
27045,27045960600,27,045,960600,81.7,1.0685,3,above,above,Fillmore,outstate
27139,27139080400,27,139,080400,81.7,2.2921,3,above,above,Scott,metro
27141,27141030503,27,141,030503,81.7,1.5086,3,above,above,Sherburne,outstate
27153,27153790100,27,153,790100,81.7,2.3862,3,above,above,Todd,outstate
27007,27007450100,27,007,450100,81.6,1.4417,3,above,above,Beltrami,outstate
27035,27035950502,27,035,950502,81.6,2.5757,3,above,above,Crow Wing,outstate
27051,27051070200,27,051,070200,81.6,1.36,3,above,above,Grant,outstate
27053,27053025906,27,053,025906,81.6,1.7283,3,above,above,Hennepin,metro
27055,27055020900,27,055,020900,81.6,1.5532,3,above,above,Houston,outstate
27061,27061480400,27,061,480400,81.6,1.824,3,above,above,Itasca,outstate
27097,27097780100,27,097,780100,81.6,1.6802,3,above,above,Morrison,outstate
27103,27103480200,27,103,480200,81.6,1.141,3,above,above,Nicollet,outstate
27111,27111960700,27,111,960700,81.6,2.1077,3,above,above,Otter Tail,outstate
27123,27123035000,27,123,035000,81.6,2.388,3,above,above,Ramsey,metro
27123,27123040704,27,123,040704,81.6,1.6717,3,above,above,Ramsey,metro
27123,27123041002,27,123,041002,81.6,2.0156,3,above,above,Ramsey,metro
27139,27139081100,27,139,081100,81.6,1.5232,3,above,above,Scott,metro
27145,27145011500,27,145,011500,81.6,1.2824,3,above,above,Stearns,outstate
27157,27157490300,27,157,490300,81.6,1.402,3,above,above,Wabasha,outstate
27163,27163070907,27,163,070907,81.6,3.8942,3,above,above,Washington,metro
27163,27163071208,27,163,071208,81.6,2.7008,3,above,above,Washington,metro
27019,27019090302,27,019,090302,81.5,1.8416,1,above,above,Carver,metro
27023,27023950500,27,023,950500,81.5,2.2837,3,above,above,Chippewa,outstate
27053,27053022902,27,053,022902,81.5,2.3696,2,above,above,Hennepin,metro
27053,27053024600,27,053,024600,81.5,1.8999,3,above,above,Hennepin,metro
27065,27065480100,27,065,480100,81.5,1.879,3,above,above,Kanabec,outstate
27123,27123036500,27,123,036500,81.5,1.8445,3,above,above,Ramsey,metro
27131,27131070100,27,131,070100,81.5,1.0374,1,above,above,Rice,outstate
27139,27139080302,27,139,080302,81.5,1.3518,3,above,above,Scott,metro
27145,27145010600,27,145,010600,81.5,1.1665,3,above,above,Stearns,outstate
27169,27169670100,27,169,670100,81.5,1.3912,3,above,above,Winona,outstate
27003,27003050236,27,003,050236,81.4,2.2125,2,above,above,Anoka,metro
27013,27013171400,27,013,171400,81.4,1.3117,3,above,above,Blue Earth,outstate
27025,27025110100,27,025,110100,81.4,1.813,3,above,above,Chisago,outstate
27035,27035951700,27,035,951700,81.4,1.5685,3,above,above,Crow Wing,outstate
27037,27037060741,27,037,060741,81.4,2.2249,3,above,above,Dakota,metro
27037,27037060747,27,037,060747,81.4,1.2114,3,above,above,Dakota,metro
27071,27071790500,27,071,790500,81.4,2.8245,3,above,above,Koochiching,outstate
27123,27123035700,27,123,035700,81.4,3.481,3,above,above,Ramsey,metro
27131,27131070300,27,131,070300,81.4,1.2003,3,above,above,Rice,outstate
27137,27137001100,27,137,001100,81.4,1.2224,2,above,above,St. Louis,outstate
27163,27163070501,27,163,070501,81.4,1.8017,2,above,above,Washington,metro
27169,27169671000,27,169,671000,81.4,1.4673,3,above,above,Winona,outstate
27003,27003050401,27,003,050401,81.3,3.7141,3,above,above,Anoka,metro
27013,27013170300,27,013,170300,81.3,2.1897,3,above,above,Blue Earth,outstate
27019,27019090602,27,019,090602,81.3,2.0761,2,above,above,Carver,metro
27037,27037061108,27,037,061108,81.3,3.0651,3,above,above,Dakota,metro
27053,27053023100,27,053,023100,81.3,1.173,2,above,above,Hennepin,metro
27053,27053025702,27,053,025702,81.3,1.4266,3,above,above,Hennepin,metro
27053,27053026823,27,053,026823,81.3,1.6262,3,above,above,Hennepin,metro
27059,27059130200,27,059,130200,81.3,1.4608,3,above,above,Isanti,outstate
27081,27081201001,27,081,201001,81.3,1.2461,3,above,above,Lincoln,outstate
27081,27081201002,27,081,201002,81.3,1.4987,3,above,above,Lincoln,outstate
27109,27109000200,27,109,000200,81.3,2.7196,3,above,above,Olmsted,outstate
27111,27111960800,27,111,960800,81.3,1.5239,3,above,above,Otter Tail,outstate
27139,27139080903,27,139,080903,81.3,1.0127,3,above,above,Scott,metro
27137,27137013900,27,137,013900,81.3,2.5934,3,above,above,St. Louis,outstate
27163,27163070404,27,163,070404,81.3,1.5962,3,above,above,Washington,metro
27163,27163070406,27,163,070406,81.3,2.4609,3,above,above,Washington,metro
27009,27009020203,27,009,020203,81.2,1.9643,3,above,above,Benton,outstate
27019,27019090501,27,019,090501,81.2,2.0062,3,above,above,Carver,metro
27037,27037060745,27,037,060745,81.2,1.3661,3,above,above,Dakota,metro
27053,27053025805,27,053,025805,81.2,1.1191,3,above,above,Hennepin,metro
27053,27053109700,27,053,109700,81.2,1.488,2,above,above,Hennepin,metro
27053,27053110100,27,053,110100,81.2,2.4373,3,above,above,Hennepin,metro
27057,27057070700,27,057,070700,81.2,2.0136,3,above,above,Hubbard,outstate
27111,27111961100,27,111,961100,81.2,1.3217,3,above,above,Otter Tail,outstate
27119,27119020900,27,119,020900,81.2,1.5435,3,above,above,Polk,outstate
27123,27123030100,27,123,030100,81.2,1.1997,3,above,above,Ramsey,metro
27171,27171101200,27,171,101200,81.2,1.3605,3,above,above,Wright,outstate
27007,27007450200,27,007,450200,81.1,1.2235,3,above,above,Beltrami,outstate
27021,27021960801,27,021,960801,81.1,1.2709,3,above,above,Cass,outstate
27031,27031480100,27,031,480100,81.1,2.0132,3,above,above,Cook,outstate
27053,27053012102,27,053,012102,81.1,2.0797,3,above,above,Hennepin,metro
27053,27053024004,27,053,024004,81.1,1.0915,3,above,above,Hennepin,metro
27053,27053026909,27,053,026909,81.1,1.2064,3,above,above,Hennepin,metro
27053,27053109300,27,053,109300,81.1,2.0685,2,above,above,Hennepin,metro
27055,27055020300,27,055,020300,81.1,1.4609,3,above,above,Houston,outstate
27059,27059130600,27,059,130600,81.1,1.6777,3,above,above,Isanti,outstate
27115,27115950300,27,115,950300,81.1,1.6147,3,above,above,Pine,outstate
27123,27123033300,27,123,033300,81.1,1.63,2,above,above,Ramsey,metro
27123,27123040100,27,123,040100,81.1,1.8302,3,above,above,Ramsey,metro
27145,27145010102,27,145,010102,81.1,1.4627,3,above,above,Stearns,outstate
27003,27003050810,27,003,050810,81,2.0408,3,above,above,Anoka,metro
27053,27053011704,27,053,011704,81,2.2145,3,above,above,Hennepin,metro
27053,27053021100,27,053,021100,81,2.1935,3,above,above,Hennepin,metro
27053,27053026014,27,053,026014,81,1.8998,3,above,above,Hennepin,metro
27053,27053027002,27,053,027002,81,1.2845,3,above,above,Hennepin,metro
27061,27061480700,27,061,480700,81,1.3091,3,above,above,Itasca,outstate
27067,27067781100,27,067,781100,81,1.6144,3,above,above,Kandiyohi,outstate
27103,27103480501,27,103,480501,81,1.1734,3,above,above,Nicollet,outstate
27139,27139080201,27,139,080201,81,2.6515,3,above,above,Scott,metro
27139,27139080203,27,139,080203,81,1.5348,3,above,above,Scott,metro
27137,27137002900,27,137,002900,81,2.6239,3,above,above,St. Louis,outstate
27145,27145011302,27,145,011302,81,1.0405,3,above,above,Stearns,outstate
27171,27171100203,27,171,100203,81,1.6806,3,above,above,Wright,outstate
27003,27003050806,27,003,050806,80.9,2.1571,3,above,above,Anoka,metro
27007,27007450701,27,007,450701,80.9,2.3117,1,above,above,Beltrami,outstate
27021,27021960200,27,021,960200,80.9,2.1843,3,above,above,Cass,outstate
27037,27037060103,27,037,060103,80.9,1.1702,2,above,above,Dakota,metro
27041,27041450800,27,041,450800,80.9,1.2345,3,above,above,Douglas,outstate
27053,27053020903,27,053,020903,80.9,1.6459,3,above,above,Hennepin,metro
27053,27053022101,27,053,022101,80.9,2.438,3,above,above,Hennepin,metro
27053,27053025201,27,053,025201,80.9,2.3831,3,above,above,Hennepin,metro
27069,27069090200,27,069,090200,80.9,1.257,3,above,above,Kittson,outstate
27111,27111960600,27,111,960600,80.9,1.1193,3,above,above,Otter Tail,outstate
27123,27123030602,27,123,030602,80.9,1.2895,2,above,above,Ramsey,metro
27123,27123031200,27,123,031200,80.9,2.6489,3,above,above,Ramsey,metro
27123,27123035100,27,123,035100,80.9,1.3294,2,above,above,Ramsey,metro
27123,27123036900,27,123,036900,80.9,2.8272,3,above,above,Ramsey,metro
27139,27139080301,27,139,080301,80.9,2.3,3,above,above,Scott,metro
27137,27137010400,27,137,010400,80.9,2.7942,3,above,above,St. Louis,outstate
27161,27161790400,27,161,790400,80.9,1.2869,3,above,above,Waseca,outstate
27171,27171101300,27,171,101300,80.9,1.1639,3,above,above,Wright,outstate
27003,27003050220,27,003,050220,80.8,2.5813,3,above,above,Anoka,metro
27019,27019090301,27,019,090301,80.8,0.9375,3,above,above,Carver,metro
27019,27019090401,27,019,090401,80.8,1.2094,3,above,above,Carver,metro
27037,27037060744,27,037,060744,80.8,1.5864,2,above,above,Dakota,metro
27037,27037060815,27,037,060815,80.8,1.6045,2,above,above,Dakota,metro
27037,27037060816,27,037,060816,80.8,1.1854,2,above,above,Dakota,metro
27037,27037060821,27,037,060821,80.8,1.6594,3,above,above,Dakota,metro
27037,27037060907,27,037,060907,80.8,3.1521,2,above,above,Dakota,metro
27045,27045960500,27,045,960500,80.8,1.1921,3,above,above,Fillmore,outstate
27053,27053010700,27,053,010700,80.8,1.6487,3,above,above,Hennepin,metro
27053,27053025803,27,053,025803,80.8,1.866,3,above,above,Hennepin,metro
27085,27085950200,27,085,950200,80.8,1.13,3,above,above,McLeod,outstate
27137,27137013600,27,137,013600,80.8,1.6886,3,above,above,St. Louis,outstate
27163,27163070205,27,163,070205,80.8,1.4493,3,above,above,Washington,metro
27163,27163070912,27,163,070912,80.8,2.1991,3,above,above,Washington,metro
27163,27163071206,27,163,071206,80.8,1.8547,3,above,above,Washington,metro
27003,27003050501,27,003,050501,80.7,1.637,3,above,above,Anoka,metro
27037,27037060729,27,037,060729,80.7,1.2669,2,above,above,Dakota,metro
27037,27037060742,27,037,060742,80.7,1.9468,3,above,above,Dakota,metro
27037,27037060817,27,037,060817,80.7,2.2812,2,above,above,Dakota,metro
27037,27037061004,27,037,061004,80.7,1.1537,2,above,above,Dakota,metro
27037,27037061009,27,037,061009,80.7,1.9404,2,above,above,Dakota,metro
27039,27039950500,27,039,950500,80.7,1.2026,3,above,above,Dodge,outstate
27049,27049080102,27,049,080102,80.7,1.2082,3,above,above,Goodhue,outstate
27053,27053008100,27,053,008100,80.7,1.9658,2,above,above,Hennepin,metro
27053,27053020902,27,053,020902,80.7,1.5744,3,above,above,Hennepin,metro
27053,27053108900,27,053,108900,80.7,1.9214,2,above,above,Hennepin,metro
27103,27103480300,27,103,480300,80.7,1.5381,3,above,above,Nicollet,outstate
27109,27109001501,27,109,001501,80.7,1.7061,3,above,above,Olmsted,outstate
27123,27123032100,27,123,032100,80.7,2.0041,2,above,above,Ramsey,metro
27123,27123035300,27,123,035300,80.7,1.1703,2,above,above,Ramsey,metro
27123,27123036400,27,123,036400,80.7,0.962,2,above,above,Ramsey,metro
27139,27139080204,27,139,080204,80.7,1.6947,2,above,above,Scott,metro
27139,27139080205,27,139,080205,80.7,1.9169,2,above,above,Scott,metro
27137,27137015100,27,137,015100,80.7,1.8876,3,above,above,St. Louis,outstate
27137,27137015400,27,137,015400,80.7,1.6774,3,above,above,St. Louis,outstate
27151,27151960400,27,151,960400,80.7,1.2444,3,above,above,Swift,outstate
27163,27163070909,27,163,070909,80.7,2.7316,3,above,above,Washington,metro
27163,27163071016,27,163,071016,80.7,1.8414,2,above,above,Washington,metro
27003,27003050807,27,003,050807,80.6,2.7132,3,above,above,Anoka,metro
27035,27035950400,27,035,950400,80.6,1.1345,3,above,above,Crow Wing,outstate
27037,27037060820,27,037,060820,80.6,1.5498,2,above,above,Dakota,metro
27037,27037060822,27,037,060822,80.6,3.9888,2,above,above,Dakota,metro
27037,27037061003,27,037,061003,80.6,2.208,3,above,above,Dakota,metro
27037,27037061008,27,037,061008,80.6,2.5608,3,above,above,Dakota,metro
27047,27047180900,27,047,180900,80.6,1.9891,3,above,above,Freeborn,outstate
27053,27053024200,27,053,024200,80.6,1.7191,3,above,above,Hennepin,metro
27053,27053025401,27,053,025401,80.6,1.9492,3,above,above,Hennepin,metro
27053,27053026015,27,053,026015,80.6,1.8076,2,above,above,Hennepin,metro
27053,27053026021,27,053,026021,80.6,1.345,2,above,above,Hennepin,metro
27053,27053026022,27,053,026022,80.6,2.8568,2,above,above,Hennepin,metro
27053,27053026508,27,053,026508,80.6,0.9399,2,above,above,Hennepin,metro
27071,27071790300,27,071,790300,80.6,1.3933,3,above,above,Koochiching,outstate
27105,27105105200,27,105,105200,80.6,1.3419,3,above,above,Nobles,outstate
27111,27111961500,27,111,961500,80.6,1.0088,3,above,above,Otter Tail,outstate
27123,27123040401,27,123,040401,80.6,1.5909,3,above,above,Ramsey,metro
27123,27123041700,27,123,041700,80.6,1.6785,3,above,above,Ramsey,metro
27139,27139080202,27,139,080202,80.6,2.6299,2,above,above,Scott,metro
27141,27141030200,27,141,030200,80.6,1.7469,1,above,above,Sherburne,outstate
27137,27137000600,27,137,000600,80.6,1.55,3,above,above,St. Louis,outstate
27019,27019091000,27,019,091000,80.5,1.3294,3,above,above,Carver,metro
27027,27027030107,27,027,030107,80.5,1.0662,2,above,above,Clay,outstate
27027,27027030201,27,027,030201,80.5,1.2242,3,above,above,Clay,outstate
27037,27037060714,27,037,060714,80.5,1.856,2,above,above,Dakota,metro
27037,27037060721,27,037,060721,80.5,2.9194,3,above,above,Dakota,metro
27037,27037060728,27,037,060728,80.5,1.4031,2,above,above,Dakota,metro
27037,27037060823,27,037,060823,80.5,3.523,2,above,above,Dakota,metro
27041,27041450200,27,041,450200,80.5,1.3051,3,above,above,Douglas,outstate
27049,27049080101,27,049,080101,80.5,1.0782,3,above,above,Goodhue,outstate
27053,27053020600,27,053,020600,80.5,2.672,3,above,above,Hennepin,metro
27053,27053022901,27,053,022901,80.5,1.0524,2,above,above,Hennepin,metro
27053,27053024700,27,053,024700,80.5,1.9512,3,above,above,Hennepin,metro
27053,27053025605,27,053,025605,80.5,1.1175,3,above,above,Hennepin,metro
27053,27053026612,27,053,026612,80.5,1.8697,2,above,above,Hennepin,metro
27053,27053026716,27,053,026716,80.5,1.794,2,above,above,Hennepin,metro
27053,27053026820,27,053,026820,80.5,1.0095,3,above,above,Hennepin,metro
27053,27053109900,27,053,109900,80.5,1.7887,3,above,above,Hennepin,metro
27109,27109000903,27,109,000903,80.5,1.8918,2,above,above,Olmsted,outstate
27109,27109001503,27,109,001503,80.5,2.2113,2,above,above,Olmsted,outstate
27109,27109002200,27,109,002200,80.5,0.6528,2,above,above,Olmsted,outstate
27139,27139081200,27,139,081200,80.5,0.9534,2,above,above,Scott,metro
27169,27169670700,27,169,670700,80.5,1.4713,3,above,above,Winona,outstate
27003,27003051600,27,003,051600,80.4,2.0395,3,above,above,Anoka,metro
27037,27037060732,27,037,060732,80.4,2.5632,3,above,above,Dakota,metro
27037,27037060813,27,037,060813,80.4,1.5106,3,above,above,Dakota,metro
27037,27037061105,27,037,061105,80.4,1.9241,3,above,above,Dakota,metro
27053,27053021002,27,053,021002,80.4,1.4595,3,above,above,Hennepin,metro
27053,27053027001,27,053,027001,80.4,2.5712,3,above,above,Hennepin,metro
27053,27053111200,27,053,111200,80.4,1.7486,3,above,above,Hennepin,metro
27067,27067780300,27,067,780300,80.4,1.1536,3,above,above,Kandiyohi,outstate
27123,27123037601,27,123,037601,80.4,1.2561,3,above,above,Ramsey,metro
27123,27123040803,27,123,040803,80.4,0.8476,3,above,above,Ramsey,metro
27147,27147960800,27,147,960800,80.4,1.3446,1,above,above,Steele,outstate
27001,27001770100,27,001,770100,80.4,1.4039,3,above,above,Aitkin,outstate
27003,27003050820,27,003,050820,80.3,1.5913,2,above,above,Anoka,metro
27019,27019090100,27,019,090100,80.3,1.3321,3,above,above,Carver,metro
27053,27053000300,27,053,000300,80.3,1.8116,2,above,above,Hennepin,metro
27053,27053026005,27,053,026005,80.3,1.0528,2,above,above,Hennepin,metro
27053,27053026713,27,053,026713,80.3,0.9641,2,above,above,Hennepin,metro
27053,27053026907,27,053,026907,80.3,1.5563,3,above,above,Hennepin,metro
27053,27053105400,27,053,105400,80.3,3.9157,2,above,above,Hennepin,metro
27053,27053125500,27,053,125500,80.3,1.4144,3,above,above,Hennepin,metro
27083,27083360100,27,083,360100,80.3,1.1656,3,above,above,Lyon,outstate
27089,27089080400,27,089,080400,80.3,1.4223,3,above,above,Marshall,outstate
27109,27109000400,27,109,000400,80.3,1.9151,3,above,above,Olmsted,outstate
27111,27111961300,27,111,961300,80.3,1.1107,3,above,above,Otter Tail,outstate
27153,27153790300,27,153,790300,80.3,1.357,3,above,above,Todd,outstate
27163,27163070601,27,163,070601,80.3,1.8868,3,above,above,Washington,metro
27003,27003050107,27,003,050107,80.2,2.8459,3,above,above,Anoka,metro
27003,27003050217,27,003,050217,80.2,2.7427,3,above,above,Anoka,metro
27003,27003050237,27,003,050237,80.2,1.9622,3,above,above,Anoka,metro
27003,27003050808,27,003,050808,80.2,3.7302,3,above,above,Anoka,metro
27019,27019090402,27,019,090402,80.2,0.9378,3,above,above,Carver,metro
27037,27037060104,27,037,060104,80.2,1.3514,3,above,above,Dakota,metro
27053,27053022700,27,053,022700,80.2,1.1621,2,above,above,Hennepin,metro
27053,27053024300,27,053,024300,80.2,1.9619,3,above,above,Hennepin,metro
27053,27053026301,27,053,026301,80.2,1.4215,3,above,above,Hennepin,metro
27053,27053101900,27,053,101900,80.2,1.2957,2,above,above,Hennepin,metro
27061,27061480300,27,061,480300,80.2,1.6187,3,above,above,Itasca,outstate
27067,27067780700,27,067,780700,80.2,1.0875,3,above,above,Kandiyohi,outstate
27111,27111960300,27,111,960300,80.2,1.2074,3,above,above,Otter Tail,outstate
27123,27123041302,27,123,041302,80.2,1.1346,3,above,above,Ramsey,metro
27163,27163071010,27,163,071010,80.2,3.2489,3,above,above,Washington,metro
27025,27025110501,27,025,110501,80.1,1.5827,3,above,above,Chisago,outstate
27037,27037060503,27,037,060503,80.1,1.5286,3,above,above,Dakota,metro
27045,27045960300,27,045,960300,80.1,1.048,3,above,above,Fillmore,outstate
27053,27053025802,27,053,025802,80.1,1.2722,3,above,above,Hennepin,metro
27083,27083360600,27,083,360600,80.1,1.1256,3,above,above,Lyon,outstate
27111,27111961200,27,111,961200,80.1,1.2017,3,above,above,Otter Tail,outstate
27123,27123041104,27,123,041104,80.1,1.1731,3,above,above,Ramsey,metro
27123,27123042700,27,123,042700,80.1,1.9177,3,above,above,Ramsey,metro
27133,27133570300,27,133,570300,80.1,1.2547,3,above,above,Rock,outstate
27135,27135970100,27,135,970100,80.1,1.1956,3,above,above,Roseau,outstate
27163,27163070704,27,163,070704,80.1,1.8606,3,above,above,Washington,metro
27163,27163070910,27,163,070910,80.1,1.3243,3,above,above,Washington,metro
27163,27163071207,27,163,071207,80.1,1.4875,3,above,above,Washington,metro
27003,27003050218,27,003,050218,80,1.8894,2,above,above,Anoka,metro
27003,27003050223,27,003,050223,80,2.5253,2,above,above,Anoka,metro
27003,27003050224,27,003,050224,80,1.5107,2,above,above,Anoka,metro
27003,27003050226,27,003,050226,80,3.2588,3,above,above,Anoka,metro
27003,27003050233,27,003,050233,80,2.1865,2,above,above,Anoka,metro
27003,27003050809,27,003,050809,80,2.2761,3,above,above,Anoka,metro
27025,27025110502,27,025,110502,80,1.2987,3,above,above,Chisago,outstate
27037,27037061005,27,037,061005,80,2.6987,3,above,above,Dakota,metro
27049,27049080800,27,049,080800,80,1.0274,3,above,above,Goodhue,outstate
27053,27053020304,27,053,020304,80,1.9049,3,above,above,Hennepin,metro
27053,27053026020,27,053,026020,80,1.0243,3,above,above,Hennepin,metro
27053,27053026818,27,053,026818,80,2.3052,3,above,above,Hennepin,metro
27059,27059130400,27,059,130400,80,1.254,3,above,above,Isanti,outstate
27091,27091790500,27,091,790500,80,0.9455,3,above,above,Martin,outstate
27093,27093560100,27,093,560100,80,1.0122,3,above,above,Meeker,outstate
27095,27095970300,27,095,970300,80,1.4184,3,above,above,Mille Lacs,outstate
27099,27099000200,27,099,000200,80,1.2702,3,above,above,Mower,outstate
27109,27109001000,27,109,001000,80,1.6995,3,above,above,Olmsted,outstate
27121,27121970400,27,121,970400,80,1.2659,3,above,above,Pope,outstate
27123,27123040901,27,123,040901,80,2.3767,3,above,above,Ramsey,metro
27129,27129790200,27,129,790200,80,1.9243,3,above,above,Renville,outstate
27137,27137014000,27,137,014000,80,1.2884,3,above,above,St. Louis,outstate
27017,27017070300,27,017,070300,79.9,1.1826,3,average,average,Carlton,outstate
27035,27035950900,27,035,950900,79.9,1.3712,3,average,average,Crow Wing,outstate
27047,27047180500,27,047,180500,79.9,1.178,3,average,average,Freeborn,outstate
27053,27053025205,27,053,025205,79.9,2.6527,3,average,average,Hennepin,metro
27053,27053025801,27,053,025801,79.9,1.6515,3,average,average,Hennepin,metro
27053,27053026710,27,053,026710,79.9,0.8158,3,average,average,Hennepin,metro
27085,27085950700,27,085,950700,79.9,1.1053,3,average,average,McLeod,outstate
27109,27109002100,27,109,002100,79.9,1.2138,3,average,average,Olmsted,outstate
27129,27129790400,27,129,790400,79.9,1.095,3,average,average,Renville,outstate
27137,27137011100,27,137,011100,79.9,0.9821,3,average,average,St. Louis,outstate
27145,27145000500,27,145,000500,79.9,1.1176,3,average,average,Stearns,outstate
27159,27159480200,27,159,480200,79.9,0.7557,3,average,average,Wadena,outstate
27163,27163070304,27,163,070304,79.9,0.9917,3,average,average,Washington,metro
27163,27163070703,27,163,070703,79.9,2.1529,3,average,average,Washington,metro
27017,27017070600,27,017,070600,79.8,1.3282,3,average,average,Carlton,outstate
27027,27027020100,27,027,020100,79.8,2.4037,3,average,average,Clay,outstate
27029,27029000300,27,029,000300,79.8,1.214,3,average,average,Clearwater,outstate
27053,27053024801,27,053,024801,79.8,1.6569,3,average,average,Hennepin,metro
27053,27053026812,27,053,026812,79.8,1.4862,3,average,average,Hennepin,metro
27053,27053026910,27,053,026910,79.8,1.7415,3,average,average,Hennepin,metro
27067,27067781000,27,067,781000,79.8,1.1948,3,average,average,Kandiyohi,outstate
27097,27097780500,27,097,780500,79.8,0.9654,3,average,average,Morrison,outstate
27123,27123037403,27,123,037403,79.8,2.0158,3,average,average,Ramsey,metro
27123,27123042202,27,123,042202,79.8,1.3367,3,average,average,Ramsey,metro
27131,27131070901,27,131,070901,79.8,2.3218,1,average,average,Rice,outstate
27171,27171100204,27,171,100204,79.8,1.1873,1,average,average,Wright,outstate
27003,27003050111,27,003,050111,79.7,1.4118,3,average,average,Anoka,metro
27037,27037060508,27,037,060508,79.7,1.767,3,average,average,Dakota,metro
27037,27037060749,27,037,060749,79.7,2.4197,2,average,average,Dakota,metro
27037,27037060811,27,037,060811,79.7,1.1041,3,average,average,Dakota,metro
27053,27053000101,27,053,000101,79.7,2.5571,3,average,average,Hennepin,metro
27053,27053027501,27,053,027501,79.7,1.13,3,average,average,Hennepin,metro
27053,27053109200,27,053,109200,79.7,1.1417,2,average,average,Hennepin,metro
27079,27079950500,27,079,950500,79.7,0.9675,3,average,average,Le Sueur,outstate
27115,27115950200,27,115,950200,79.7,1.5445,3,average,average,Pine,outstate
27117,27117460200,27,117,460200,79.7,2.283,3,average,average,Pipestone,outstate
27123,27123034202,27,123,034202,79.7,2.7081,3,average,average,Ramsey,metro
27123,27123042504,27,123,042504,79.7,1.5136,3,average,average,Ramsey,metro
27123,27123042601,27,123,042601,79.7,1.6054,1,average,average,Ramsey,metro
27163,27163071209,27,163,071209,79.7,1.9616,3,average,average,Washington,metro
27003,27003050109,27,003,050109,79.6,1.5213,2,average,average,Anoka,metro
27003,27003050110,27,003,050110,79.6,1.9407,2,average,average,Anoka,metro
27003,27003050116,27,003,050116,79.6,1.4978,2,average,average,Anoka,metro
27017,27017070500,27,017,070500,79.6,0.9727,1,average,average,Carlton,outstate
27025,27025110200,27,025,110200,79.6,0.7957,3,average,average,Chisago,outstate
27037,27037061107,27,037,061107,79.6,1.1485,3,average,average,Dakota,metro
27041,27041450600,27,041,450600,79.6,1.1513,3,average,average,Douglas,outstate
27053,27053009500,27,053,009500,79.6,3.1766,3,average,average,Hennepin,metro
27053,27053025302,27,053,025302,79.6,1.5929,3,average,average,Hennepin,metro
27053,27053026514,27,053,026514,79.6,0.9498,2,average,average,Hennepin,metro
27053,27053103700,27,053,103700,79.6,2.5321,3,average,average,Hennepin,metro
27061,27061480600,27,061,480600,79.6,1.1384,3,average,average,Itasca,outstate
27065,27065480400,27,065,480400,79.6,0.9431,3,average,average,Kanabec,outstate
27079,27079950200,27,079,950200,79.6,1.2818,3,average,average,Le Sueur,outstate
27079,27079950300,27,079,950300,79.6,1.0267,3,average,average,Le Sueur,outstate
27083,27083360200,27,083,360200,79.6,0.6458,2,average,average,Lyon,outstate
27083,27083360300,27,083,360300,79.6,1.2544,2,average,average,Lyon,outstate
27085,27085950100,27,085,950100,79.6,0.8793,3,average,average,McLeod,outstate
27109,27109002300,27,109,002300,79.6,1.538,3,average,average,Olmsted,outstate
27115,27115950700,27,115,950700,79.6,1.5408,3,average,average,Pine,outstate
27123,27123042001,27,123,042001,79.6,0.9703,2,average,average,Ramsey,metro
27129,27129790100,27,129,790100,79.6,1.3945,3,average,average,Renville,outstate
27141,27141030502,27,141,030502,79.6,1.3923,3,average,average,Sherburne,outstate
27009,27009021102,27,009,021102,79.5,1.3566,3,average,average,Benton,outstate
27027,27027020202,27,027,020202,79.5,2.2346,3,average,average,Clay,outstate
27037,27037060734,27,037,060734,79.5,1.9383,3,average,average,Dakota,metro
27037,27037060829,27,037,060829,79.5,2.3167,2,average,average,Dakota,metro
27053,27053022000,27,053,022000,79.5,1.4531,2,average,average,Hennepin,metro
27053,27053024903,27,053,024903,79.5,2.2648,3,average,average,Hennepin,metro
27053,27053026402,27,053,026402,79.5,0.7864,2,average,average,Hennepin,metro
27053,27053111100,27,053,111100,79.5,1.6498,3,average,average,Hennepin,metro
27059,27059130501,27,059,130501,79.5,1.3848,3,average,average,Isanti,outstate
27093,27093560200,27,093,560200,79.5,1.2185,1,average,average,Meeker,outstate
27109,27109001701,27,109,001701,79.5,1.4247,3,average,average,Olmsted,outstate
27139,27139080700,27,139,080700,79.5,1.5747,3,average,average,Scott,metro
27143,27143170200,27,143,170200,79.5,1.1978,3,average,average,Sibley,outstate
27161,27161790200,27,161,790200,79.5,1.9223,1,average,average,Waseca,outstate
27163,27163071012,27,163,071012,79.5,1.9437,3,average,average,Washington,metro
27003,27003050208,27,003,050208,79.4,2.6148,2,average,average,Anoka,metro
27003,27003051206,27,003,051206,79.4,2.2212,3,average,average,Anoka,metro
27005,27005450400,27,005,450400,79.4,0.8381,2,average,average,Becker,outstate
27005,27005450700,27,005,450700,79.4,0.7912,2,average,average,Becker,outstate
27009,27009020205,27,009,020205,79.4,1.3256,2,average,average,Benton,outstate
27011,27011950200,27,011,950200,79.4,1.6718,3,average,average,Big Stone,outstate
27013,27013170100,27,013,170100,79.4,1.0156,2,average,average,Blue Earth,outstate
27035,27035951302,27,035,951302,79.4,1.1661,3,average,average,Crow Wing,outstate
27037,27037060509,27,037,060509,79.4,1.3219,2,average,average,Dakota,metro
27037,27037060711,27,037,060711,79.4,1.3343,3,average,average,Dakota,metro
27037,27037060818,27,037,060818,79.4,2.4908,2,average,average,Dakota,metro
27037,27037060906,27,037,060906,79.4,2.4602,2,average,average,Dakota,metro
27039,27039950400,27,039,950400,79.4,1.0753,3,average,average,Dodge,outstate
27041,27041450900,27,041,450900,79.4,0.9287,2,average,average,Douglas,outstate
27049,27049080300,27,049,080300,79.4,0.8628,2,average,average,Goodhue,outstate
27053,27053023000,27,053,023000,79.4,2.4158,3,average,average,Hennepin,metro
27053,27053110400,27,053,110400,79.4,2.4589,3,average,average,Hennepin,metro
27111,27111960103,27,111,960103,79.4,0.5895,2,average,average,Otter Tail,outstate
27123,27123030702,27,123,030702,79.4,1.5793,3,average,average,Ramsey,metro
27135,27135970300,27,135,970300,79.4,0.7939,2,average,average,Roseau,outstate
27137,27137011200,27,137,011200,79.4,1.4965,3,average,average,St. Louis,outstate
27137,27137012800,27,137,012800,79.4,1.3852,3,average,average,St. Louis,outstate
27151,27151960200,27,151,960200,79.4,1.1876,3,average,average,Swift,outstate
27157,27157490600,27,157,490600,79.4,1.1885,3,average,average,Wabasha,outstate
27163,27163071300,27,163,071300,79.4,1.7947,3,average,average,Washington,metro
27015,27015960400,27,015,960400,79.3,0.8557,3,average,average,Brown,outstate
27019,27019091202,27,019,091202,79.3,1.5277,3,average,average,Carver,metro
27035,27035950700,27,035,950700,79.3,0.923,3,average,average,Crow Wing,outstate
27053,27053011800,27,053,011800,79.3,1.8286,3,average,average,Hennepin,metro
27053,27053021505,27,053,021505,79.3,1.2732,3,average,average,Hennepin,metro
27053,27053106200,27,053,106200,79.3,3.0404,3,average,average,Hennepin,metro
27053,27053106400,27,053,106400,79.3,1.3436,2,average,average,Hennepin,metro
27097,27097780700,27,097,780700,79.3,2.5234,3,average,average,Morrison,outstate
27109,27109000901,27,109,000901,79.3,1.6327,3,average,average,Olmsted,outstate
27123,27123032200,27,123,032200,79.3,2.1587,2,average,average,Ramsey,metro
27143,27143170300,27,143,170300,79.3,1.0735,3,average,average,Sibley,outstate
27137,27137010300,27,137,010300,79.3,0.8909,1,average,average,St. Louis,outstate
27149,27149480300,27,149,480300,79.3,1.3823,3,average,average,Stevens,outstate
27155,27155460100,27,155,460100,79.3,1.4304,3,average,average,Traverse,outstate
27159,27159480300,27,159,480300,79.3,1.3853,3,average,average,Wadena,outstate
27163,27163071003,27,163,071003,79.3,1.2415,3,average,average,Washington,metro
27169,27169670200,27,169,670200,79.3,1.2409,3,average,average,Winona,outstate
27171,27171100100,27,171,100100,79.3,1.039,3,average,average,Wright,outstate
27003,27003050504,27,003,050504,79.2,1.6435,3,average,average,Anoka,metro
27003,27003051400,27,003,051400,79.2,1.1546,3,average,average,Anoka,metro
27009,27009020100,27,009,020100,79.2,1.1311,3,average,average,Benton,outstate
27025,27025110600,27,025,110600,79.2,1.5404,3,average,average,Chisago,outstate
27035,27035950204,27,035,950204,79.2,1.5903,3,average,average,Crow Wing,outstate
27037,27037060750,27,037,060750,79.2,1.6464,3,average,average,Dakota,metro
27053,27053012101,27,053,012101,79.2,2.8487,3,average,average,Hennepin,metro
27053,27053024902,27,053,024902,79.2,1.5359,3,average,average,Hennepin,metro
27053,27053026815,27,053,026815,79.2,1.5522,3,average,average,Hennepin,metro
27053,27053027203,27,053,027203,79.2,1.0782,3,average,average,Hennepin,metro
27053,27053107000,27,053,107000,79.2,2.2707,2,average,average,Hennepin,metro
27101,27101900200,27,101,900200,79.2,1.2026,1,average,average,Murray,outstate
27141,27141030404,27,141,030404,79.2,2.0834,1,average,average,Sherburne,outstate
27137,27137000400,27,137,000400,79.2,0.6997,2,average,average,St. Louis,outstate
27003,27003050228,27,003,050228,79.1,1.473,2,average,average,Anoka,metro
27003,27003050816,27,003,050816,79.1,1.4814,2,average,average,Anoka,metro
27023,27023950600,27,023,950600,79.1,1.2634,1,average,average,Chippewa,outstate
27037,27037060505,27,037,060505,79.1,1.1778,3,average,average,Dakota,metro
27037,27037060902,27,037,060902,79.1,1.7879,2,average,average,Dakota,metro
27053,27053026903,27,053,026903,79.1,1.2498,3,average,average,Hennepin,metro
27053,27053105600,27,053,105600,79.1,1.4742,2,average,average,Hennepin,metro
27053,27053107500,27,053,107500,79.1,1.5643,3,average,average,Hennepin,metro
27111,27111960500,27,111,960500,79.1,1.2388,3,average,average,Otter Tail,outstate
27115,27115950600,27,115,950600,79.1,1.639,3,average,average,Pine,outstate
27119,27119020300,27,119,020300,79.1,3.3262,3,average,average,Polk,outstate
27123,27123031100,27,123,031100,79.1,2.0001,3,average,average,Ramsey,metro
27123,27123032000,27,123,032000,79.1,2.1972,3,average,average,Ramsey,metro
27127,27127750100,27,127,750100,79.1,1.6706,3,average,average,Redwood,outstate
27137,27137015800,27,137,015800,79.1,2.6475,3,average,average,St. Louis,outstate
27163,27163070906,27,163,070906,79.1,0.8577,3,average,average,Washington,metro
27003,27003050227,27,003,050227,79,1.8139,2,average,average,Anoka,metro
27003,27003050234,27,003,050234,79,2.329,3,average,average,Anoka,metro
27037,27037060506,27,037,060506,79,1.1373,3,average,average,Dakota,metro
27037,27037060812,27,037,060812,79,1.3697,2,average,average,Dakota,metro
27053,27053026707,27,053,026707,79,1.3523,3,average,average,Hennepin,metro
27069,27069090100,27,069,090100,79,1.5354,3,average,average,Kittson,outstate
27099,27099000300,27,099,000300,79,1.2193,3,average,average,Mower,outstate
27109,27109001401,27,109,001401,79,1.3823,3,average,average,Olmsted,outstate
27115,27115950500,27,115,950500,79,1.0766,3,average,average,Pine,outstate
27123,27123030201,27,123,030201,79,1.0711,3,average,average,Ramsey,metro
27123,27123037602,27,123,037602,79,1.359,3,average,average,Ramsey,metro
27137,27137012400,27,137,012400,79,1.5282,1,average,average,St. Louis,outstate
27137,27137015300,27,137,015300,79,1.1403,3,average,average,St. Louis,outstate
27163,27163071013,27,163,071013,79,0.8702,3,average,average,Washington,metro
27003,27003050235,27,003,050235,78.9,3.0404,3,average,average,Anoka,metro
27003,27003051501,27,003,051501,78.9,1.867,3,average,average,Anoka,metro
27013,27013170900,27,013,170900,78.9,1.8919,3,average,average,Blue Earth,outstate
27019,27019090900,27,019,090900,78.9,2.28,3,average,average,Carver,metro
27035,27035951301,27,035,951301,78.9,0.9334,2,average,average,Crow Wing,outstate
27053,27053020700,27,053,020700,78.9,1.6184,3,average,average,Hennepin,metro
27091,27091790100,27,091,790100,78.9,1.3913,3,average,average,Martin,outstate
27099,27099000800,27,099,000800,78.9,1.3126,3,average,average,Mower,outstate
27121,27121970200,27,121,970200,78.9,1.2566,3,average,average,Pope,outstate
27123,27123030202,27,123,030202,78.9,2.9592,2,average,average,Ramsey,metro
27123,27123037000,27,123,037000,78.9,2.4746,3,average,average,Ramsey,metro
27127,27127750200,27,127,750200,78.9,1.3158,3,average,average,Redwood,outstate
27137,27137012500,27,137,012500,78.9,2.0382,3,average,average,St. Louis,outstate
27147,27147960600,27,147,960600,78.9,1.2682,3,average,average,Steele,outstate
27003,27003050702,27,003,050702,78.8,2.0268,3,average,average,Anoka,metro
27003,27003051304,27,003,051304,78.8,2.6106,3,average,average,Anoka,metro
27037,27037060302,27,037,060302,78.8,1.1107,2,average,average,Dakota,metro
27037,27037060402,27,037,060402,78.8,1.5392,3,average,average,Dakota,metro
27053,27053026807,27,053,026807,78.8,1.4128,3,average,average,Hennepin,metro
27053,27053109000,27,053,109000,78.8,2.173,3,average,average,Hennepin,metro
27067,27067780500,27,067,780500,78.8,1.1623,3,average,average,Kandiyohi,outstate
27083,27083360400,27,083,360400,78.8,1.131,3,average,average,Lyon,outstate
27085,27085950300,27,085,950300,78.8,1.271,3,average,average,McLeod,outstate
27105,27105105400,27,105,105400,78.8,1.4059,3,average,average,Nobles,outstate
27111,27111960900,27,111,960900,78.8,1.0265,3,average,average,Otter Tail,outstate
27123,27123030400,27,123,030400,78.8,1.9743,3,average,average,Ramsey,metro
27123,27123030703,27,123,030703,78.8,1.7641,3,average,average,Ramsey,metro
27123,27123041500,27,123,041500,78.8,0.8952,3,average,average,Ramsey,metro
27139,27139080600,27,139,080600,78.8,1.0548,3,average,average,Scott,metro
27003,27003050505,27,003,050505,78.7,1.262,3,average,average,Anoka,metro
27003,27003051203,27,003,051203,78.7,1.0174,3,average,average,Anoka,metro
27021,27021960301,27,021,960301,78.7,0.8757,2,average,average,Cass,outstate
27037,27037060101,27,037,060101,78.7,1.5748,3,average,average,Dakota,metro
27053,27053000603,27,053,000603,78.7,1.3188,3,average,average,Hennepin,metro
27053,27053020200,27,053,020200,78.7,1.7657,3,average,average,Hennepin,metro
27053,27053023300,27,053,023300,78.7,1.6098,3,average,average,Hennepin,metro
27053,27053026814,27,053,026814,78.7,2.851,1,average,average,Hennepin,metro
27053,27053101200,27,053,101200,78.7,1.2547,3,average,average,Hennepin,metro
27053,27053105204,27,053,105204,78.7,2.6882,3,average,average,Hennepin,metro
27057,27057070300,27,057,070300,78.7,0.864,2,average,average,Hubbard,outstate
27059,27059130502,27,059,130502,78.7,1.7373,3,average,average,Isanti,outstate
27093,27093560400,27,093,560400,78.7,0.9031,2,average,average,Meeker,outstate
27101,27101900300,27,101,900300,78.7,1.2269,3,average,average,Murray,outstate
27105,27105105300,27,105,105300,78.7,0.5774,2,average,average,Nobles,outstate
27109,27109001402,27,109,001402,78.7,1.0058,3,average,average,Olmsted,outstate
27119,27119020800,27,119,020800,78.7,1.5392,3,average,average,Polk,outstate
27123,27123042302,27,123,042302,78.7,0.9996,3,average,average,Ramsey,metro
27125,27125010200,27,125,010200,78.7,1.428,3,average,average,Red Lake,outstate
27129,27129790300,27,129,790300,78.7,0.6995,2,average,average,Renville,outstate
27143,27143170400,27,143,170400,78.7,1.1773,3,average,average,Sibley,outstate
27145,27145011304,27,145,011304,78.7,0.6904,2,average,average,Stearns,outstate
27161,27161790500,27,161,790500,78.7,1.2504,3,average,average,Waseca,outstate
27171,27171101100,27,171,101100,78.7,0.6274,2,average,average,Wright,outstate
27003,27003050607,27,003,050607,78.6,1.2648,3,average,average,Anoka,metro
27037,27037060739,27,037,060739,78.6,1.4,1,average,average,Dakota,metro
27053,27053024005,27,053,024005,78.6,1.7879,3,average,average,Hennepin,metro
27087,27087940300,27,087,940300,78.6,3.1649,1,average,average,Mahnomen,outstate
27107,27107960100,27,107,960100,78.6,1.4423,3,average,average,Norman,outstate
27113,27113090500,27,113,090500,78.6,1.086,3,average,average,Pennington,outstate
27123,27123033900,27,123,033900,78.6,1.6047,2,average,average,Ramsey,metro
27123,27123034000,27,123,034000,78.6,1.5274,2,average,average,Ramsey,metro
27123,27123036700,27,123,036700,78.6,1.1972,3,average,average,Ramsey,metro
27137,27137015200,27,137,015200,78.6,1.087,3,average,average,St. Louis,outstate
27145,27145000801,27,145,000801,78.6,1.8532,3,average,average,Stearns,outstate
27003,27003050222,27,003,050222,78.5,2.1107,3,average,average,Anoka,metro
27007,27007450400,27,007,450400,78.5,1.1786,3,average,average,Beltrami,outstate
27017,27017070200,27,017,070200,78.5,1.3674,3,average,average,Carlton,outstate
27037,27037060401,27,037,060401,78.5,2.3463,3,average,average,Dakota,metro
27037,27037060502,27,037,060502,78.5,1.1135,3,average,average,Dakota,metro
27049,27049080200,27,049,080200,78.5,1.3303,1,average,average,Goodhue,outstate
27053,27053022102,27,053,022102,78.5,1.7196,3,average,average,Hennepin,metro
27061,27061480100,27,061,480100,78.5,1.5795,3,average,average,Itasca,outstate
27131,27131070601,27,131,070601,78.5,1.493,3,average,average,Rice,outstate
27137,27137002300,27,137,002300,78.5,0.9072,3,average,average,St. Louis,outstate
27145,27145000301,27,145,000301,78.5,3.1854,3,average,average,Stearns,outstate
27011,27011950100,27,011,950100,78.4,0.5601,2,average,average,Big Stone,outstate
27015,27015960500,27,015,960500,78.4,1.2279,3,average,average,Brown,outstate
27025,27025110700,27,025,110700,78.4,0.7543,2,average,average,Chisago,outstate
27037,27037060710,27,037,060710,78.4,1.2531,2,average,average,Dakota,metro
27053,27053025301,27,053,025301,78.4,0.9054,3,average,average,Hennepin,metro
27079,27079950400,27,079,950400,78.4,1.64,3,average,average,Le Sueur,outstate
27099,27099001200,27,099,001200,78.4,0.4918,2,average,average,Mower,outstate
27113,27113090300,27,113,090300,78.4,0.6578,2,average,average,Pennington,outstate
27115,27115950800,27,115,950800,78.4,1.4441,3,average,average,Pine,outstate
27119,27119020400,27,119,020400,78.4,0.6291,2,average,average,Polk,outstate
27123,27123030601,27,123,030601,78.4,2.7722,1,average,average,Ramsey,metro
27123,27123035500,27,123,035500,78.4,3.0643,3,average,average,Ramsey,metro
27131,27131070602,27,131,070602,78.4,1.1064,3,average,average,Rice,outstate
27131,27131070902,27,131,070902,78.4,1.4867,3,average,average,Rice,outstate
27133,27133570100,27,133,570100,78.4,0.5773,2,average,average,Rock,outstate
27141,27141030101,27,141,030101,78.4,2.2115,2,average,average,Sherburne,outstate
27141,27141030102,27,141,030102,78.4,1.3848,2,average,average,Sherburne,outstate
27137,27137012700,27,137,012700,78.4,0.7026,2,average,average,St. Louis,outstate
27153,27153790800,27,153,790800,78.4,0.5745,2,average,average,Todd,outstate
27015,27015960600,27,015,960600,78.3,1.1787,3,average,average,Brown,outstate
27021,27021940001,27,021,940001,78.3,1.6377,3,average,average,Cass,outstate
27037,27037060746,27,037,060746,78.3,1.2781,2,average,average,Dakota,metro
27037,27037060904,27,037,060904,78.3,1.2736,3,average,average,Dakota,metro
27053,27053020400,27,053,020400,78.3,1.527,1,average,average,Hennepin,metro
27053,27053021602,27,053,021602,78.3,3.9384,3,average,average,Hennepin,metro
27053,27053022301,27,053,022301,78.3,1.3708,3,average,average,Hennepin,metro
27053,27053126100,27,053,126100,78.3,2.2732,3,average,average,Hennepin,metro
27075,27075370400,27,075,370400,78.3,1.2903,3,average,average,Lake,outstate
27171,27171100701,27,171,100701,78.3,1.1273,3,average,average,Wright,outstate
27009,27009021101,27,009,021101,78.2,0.981,1,average,average,Benton,outstate
27093,27093560300,27,093,560300,78.2,1.0035,3,average,average,Meeker,outstate
27107,27107960300,27,107,960300,78.2,1.5398,3,average,average,Norman,outstate
27119,27119020100,27,119,020100,78.2,1.654,3,average,average,Polk,outstate
27139,27139081300,27,139,081300,78.2,1.0734,1,average,average,Scott,metro
27153,27153790600,27,153,790600,78.2,1.1927,3,average,average,Todd,outstate
27169,27169670300,27,169,670300,78.2,0.7649,2,average,average,Winona,outstate
27171,27171100702,27,171,100702,78.2,1.0477,2,average,average,Wright,outstate
27003,27003050712,27,003,050712,78.1,1.1406,3,average,average,Anoka,metro
27021,27021960700,27,021,960700,78.1,1.1059,3,average,average,Cass,outstate
27027,27027030103,27,027,030103,78.1,1.1046,2,average,average,Clay,outstate
27043,27043460400,27,043,460400,78.1,1.2139,3,average,average,Faribault,outstate
27049,27049080600,27,049,080600,78.1,0.9726,3,average,average,Goodhue,outstate
27053,27053020500,27,053,020500,78.1,1.6508,3,average,average,Hennepin,metro
27053,27053020804,27,053,020804,78.1,3.217,3,average,average,Hennepin,metro
27073,27073180100,27,073,180100,78.1,1.4546,3,average,average,Lac qui Parle,outstate
27115,27115950400,27,115,950400,78.1,1.0798,3,average,average,Pine,outstate
27131,27131070700,27,131,070700,78.1,0.829,3,average,average,Rice,outstate
27001,27001770200,27,001,770200,78.1,1.9277,3,average,average,Aitkin,outstate
27005,27005450300,27,005,450300,78,1.0715,3,average,average,Becker,outstate
27037,27037060905,27,037,060905,78,1.4614,3,average,average,Dakota,metro
27039,27039950200,27,039,950200,78,1.0651,3,average,average,Dodge,outstate
27043,27043460200,27,043,460200,78,1.1768,3,average,average,Faribault,outstate
27053,27053012003,27,053,012003,78,1.3687,3,average,average,Hennepin,metro
27053,27053026811,27,053,026811,78,1.1796,3,average,average,Hennepin,metro
27099,27099000100,27,099,000100,78,1.4234,3,average,average,Mower,outstate
27173,27173970100,27,173,970100,78,1.4411,3,average,average,Yellow Medicine,outstate
27003,27003051001,27,003,051001,77.9,1.8865,3,average,average,Anoka,metro
27023,27023950400,27,023,950400,77.9,1.6307,3,average,average,Chippewa,outstate
27027,27027020300,27,027,020300,77.9,2.331,3,average,average,Clay,outstate
27027,27027020500,27,027,020500,77.9,1.0123,3,average,average,Clay,outstate
27047,27047180400,27,047,180400,77.9,1.3458,3,average,average,Freeborn,outstate
27047,27047180800,27,047,180800,77.9,3.0667,3,average,average,Freeborn,outstate
27053,27053002400,27,053,002400,77.9,3.3794,3,average,average,Hennepin,metro
27053,27053008500,27,053,008500,77.9,2.7074,2,average,average,Hennepin,metro
27053,27053020801,27,053,020801,77.9,1.9102,3,average,average,Hennepin,metro
27053,27053108600,27,053,108600,77.9,2.4093,2,average,average,Hennepin,metro
27099,27099000410,27,099,000410,77.9,1.9194,3,average,average,Mower,outstate
27103,27103480400,27,103,480400,77.9,0.8247,2,average,average,Nicollet,outstate
27123,27123031802,27,123,031802,77.9,1.1363,3,average,average,Ramsey,metro
27135,27135970500,27,135,970500,77.9,1.6482,3,average,average,Roseau,outstate
27145,27145001001,27,145,001001,77.9,0.7997,2,average,average,Stearns,outstate
27003,27003050605,27,003,050605,77.8,1.5882,3,average,average,Anoka,metro
27003,27003050704,27,003,050704,77.8,1.2018,2,average,average,Anoka,metro
27003,27003050902,27,003,050902,77.8,1.0365,2,average,average,Anoka,metro
27003,27003051101,27,003,051101,77.8,1.002,2,average,average,Anoka,metro
27013,27013170800,27,013,170800,77.8,0.9796,3,average,average,Blue Earth,outstate
27013,27013171202,27,013,171202,77.8,1.6072,3,average,average,Blue Earth,outstate
27037,27037060202,27,037,060202,77.8,1.3306,3,average,average,Dakota,metro
27043,27043460600,27,043,460600,77.8,1.3149,3,average,average,Faribault,outstate
27053,27053027601,27,053,027601,77.8,0.9249,2,average,average,Hennepin,metro
27053,27053111500,27,053,111500,77.8,1.0498,3,average,average,Hennepin,metro
27123,27123041103,27,123,041103,77.8,1.1411,3,average,average,Ramsey,metro
27127,27127750600,27,127,750600,77.8,1.5815,3,average,average,Redwood,outstate
27137,27137011400,27,137,011400,77.8,1.7632,3,average,average,St. Louis,outstate
27165,27165950200,27,165,950200,77.8,1.2482,3,average,average,Watonwan,outstate
27053,27053000601,27,053,000601,77.7,1.8112,3,average,average,Hennepin,metro
27053,27053021400,27,053,021400,77.7,1.7112,3,average,average,Hennepin,metro
27053,27053108800,27,053,108800,77.7,2.3173,3,average,average,Hennepin,metro
27061,27061480801,27,061,480801,77.7,1.6887,3,average,average,Itasca,outstate
27107,27107960200,27,107,960200,77.7,1.4231,3,average,average,Norman,outstate
27119,27119021000,27,119,021000,77.7,1.2499,3,average,average,Polk,outstate
27133,27133570200,27,133,570200,77.7,1.2318,3,average,average,Rock,outstate
27171,27171100400,27,171,100400,77.7,1.0067,3,average,average,Wright,outstate
27005,27005450100,27,005,450100,77.6,0.5975,2,average,average,Becker,outstate
27009,27009020206,27,009,020206,77.6,1.1659,3,average,average,Benton,outstate
27053,27053110000,27,053,110000,77.6,2.2874,2,average,average,Hennepin,metro
27073,27073180200,27,073,180200,77.6,0.4844,2,average,average,Lac qui Parle,outstate
27095,27095170500,27,095,170500,77.6,0.7086,2,average,average,Mille Lacs,outstate
27123,27123032600,27,123,032600,77.6,2.868,3,average,average,Ramsey,metro
27153,27153790500,27,153,790500,77.6,0.7661,2,average,average,Todd,outstate
27157,27157490100,27,157,490100,77.6,0.811,2,average,average,Wabasha,outstate
27001,27001770300,27,001,770300,77.6,0.9574,3,average,average,Aitkin,outstate
27053,27053110900,27,053,110900,77.5,1.7136,3,average,average,Hennepin,metro
27065,27065480300,27,065,480300,77.5,1.1701,3,average,average,Kanabec,outstate
27075,27075370300,27,075,370300,77.5,1.2131,3,average,average,Lake,outstate
27119,27119020700,27,119,020700,77.5,1.5551,3,average,average,Polk,outstate
27123,27123032400,27,123,032400,77.5,2.6832,3,average,average,Ramsey,metro
27123,27123037402,27,123,037402,77.5,0.8852,2,average,average,Ramsey,metro
27145,27145000602,27,145,000602,77.5,1.8167,3,average,average,Stearns,outstate
27145,27145000901,27,145,000901,77.5,1.1602,2,average,average,Stearns,outstate
27163,27163070104,27,163,070104,77.5,1.3383,3,average,average,Washington,metro
27003,27003051502,27,003,051502,77.4,1.8075,3,average,average,Anoka,metro
27021,27021960600,27,021,960600,77.4,1.2834,3,average,average,Cass,outstate
27037,27037061102,27,037,061102,77.4,1.1543,3,average,average,Dakota,metro
27127,27127750300,27,127,750300,77.4,0.9358,2,average,average,Redwood,outstate
27167,27167950100,27,167,950100,77.4,1.1733,3,average,average,Wilkin,outstate
27017,27017070400,27,017,070400,77.3,0.8429,3,average,average,Carlton,outstate
27037,27037060824,27,037,060824,77.3,1.0524,3,average,average,Dakota,metro
27047,27047180700,27,047,180700,77.3,1.2145,3,average,average,Freeborn,outstate
27053,27053026816,27,053,026816,77.3,1.2325,3,average,average,Hennepin,metro
27053,27053105700,27,053,105700,77.3,2.4395,2,average,average,Hennepin,metro
27053,27053125800,27,053,125800,77.3,1.8113,2,average,average,Hennepin,metro
27095,27095170400,27,095,170400,77.3,0.7011,2,average,average,Mille Lacs,outstate
27109,27109000902,27,109,000902,77.3,1.0674,2,average,average,Olmsted,outstate
27117,27117460100,27,117,460100,77.3,0.6195,2,average,average,Pipestone,outstate
27123,27123032300,27,123,032300,77.3,1.4449,3,average,average,Ramsey,metro
27123,27123042501,27,123,042501,77.3,1.2464,3,average,average,Ramsey,metro
27129,27129790600,27,129,790600,77.3,1.2169,3,average,average,Renville,outstate
27139,27139080500,27,139,080500,77.3,1.3636,3,average,average,Scott,metro
27003,27003050606,27,003,050606,77.2,1.4823,3,average,average,Anoka,metro
27015,27015960101,27,015,960101,77.2,1.0679,2,average,average,Brown,outstate
27027,27027020400,27,027,020400,77.2,1.4948,2,average,average,Clay,outstate
27053,27053001700,27,053,001700,77.2,2.7382,3,average,average,Hennepin,metro
27053,27053100500,27,053,100500,77.2,1.5121,3,average,average,Hennepin,metro
27091,27091790600,27,091,790600,77.2,1.3916,3,average,average,Martin,outstate
27123,27123031900,27,123,031900,77.2,2.3304,2,average,average,Ramsey,metro
27123,27123034500,27,123,034500,77.2,2.5016,2,average,average,Ramsey,metro
27137,27137000300,27,137,000300,77.2,0.9744,3,average,average,St. Louis,outstate
27033,27033270200,27,033,270200,77.1,1.7128,3,average,average,Cottonwood,outstate
27035,27035950100,27,035,950100,77.1,2.7489,3,average,average,Crow Wing,outstate
27053,27053001100,27,053,001100,77.1,2.1728,3,average,average,Hennepin,metro
27053,27053020301,27,053,020301,77.1,2.0041,3,average,average,Hennepin,metro
27137,27137012300,27,137,012300,77.1,1.6261,3,average,average,St. Louis,outstate
27003,27003051302,27,003,051302,77,1.1673,3,average,average,Anoka,metro
27007,27007940002,27,007,940002,77,2.8052,3,average,average,Beltrami,outstate
27053,27053023200,27,053,023200,77,1.2514,3,average,average,Hennepin,metro
27053,27053026511,27,053,026511,77,2.2391,3,average,average,Hennepin,metro
27071,27071790100,27,071,790100,77,2.1756,1,average,average,Koochiching,outstate
27095,27095970100,27,095,970100,77,2.2161,3,average,average,Mille Lacs,outstate
27103,27103480502,27,103,480502,77,1.7684,1,average,average,Nicollet,outstate
27123,27123040504,27,123,040504,77,1.2341,3,average,average,Ramsey,metro
27005,27005450600,27,005,450600,76.9,1.1927,3,average,average,Becker,outstate
27011,27011950300,27,011,950300,76.9,1.3829,3,below,below,Big Stone,outstate
27025,27025110302,27,025,110302,76.9,1.2375,3,below,below,Chisago,outstate
27037,27037060825,27,037,060825,76.9,2.4863,3,below,below,Dakota,metro
27037,27037060828,27,037,060828,76.9,1.2846,3,below,below,Dakota,metro
27053,27053009600,27,053,009600,76.9,2.398,3,below,below,Hennepin,metro
27053,27053021001,27,053,021001,76.9,1.2001,3,below,below,Hennepin,metro
27137,27137003000,27,137,003000,76.9,1.3537,2,below,below,St. Louis,outstate
27137,27137003800,27,137,003800,76.9,1.4588,3,below,below,St. Louis,outstate
27053,27053026702,27,053,026702,76.8,1.4724,3,below,below,Hennepin,metro
27123,27123034602,27,123,034602,76.8,1.1506,3,below,below,Ramsey,metro
27123,27123041200,27,123,041200,76.8,1.1468,3,below,below,Ramsey,metro
27123,27123042800,27,123,042800,76.8,2.6075,3,below,below,Ramsey,metro
27003,27003051103,27,003,051103,76.7,1.6971,2,below,below,Anoka,metro
27053,27053025403,27,053,025403,76.7,1.2318,3,below,below,Hennepin,metro
27053,27053100700,27,053,100700,76.7,1.6295,3,below,below,Hennepin,metro
27053,27053102500,27,053,102500,76.7,1.9259,3,below,below,Hennepin,metro
27137,27137012100,27,137,012100,76.7,1.3224,3,below,below,St. Louis,outstate
27155,27155460200,27,155,460200,76.7,1.9933,3,below,below,Traverse,outstate
27163,27163070502,27,163,070502,76.7,1.0499,3,below,below,Washington,metro
27173,27173970200,27,173,970200,76.7,1.3178,3,below,below,Yellow Medicine,outstate
27013,27013170400,27,013,170400,76.6,1.5975,3,below,below,Blue Earth,outstate
27013,27013170600,27,013,170600,76.6,2.5054,3,below,below,Blue Earth,outstate
27053,27053023400,27,053,023400,76.6,1.0901,3,below,below,Hennepin,metro
27053,27053110500,27,053,110500,76.6,1.2202,3,below,below,Hennepin,metro
27119,27119020600,27,119,020600,76.6,1.2288,3,below,below,Polk,outstate
27123,27123031600,27,123,031600,76.6,2.0678,3,below,below,Ramsey,metro
27123,27123033800,27,123,033800,76.6,2.3778,3,below,below,Ramsey,metro
27137,27137003400,27,137,003400,76.6,1.5243,3,below,below,St. Louis,outstate
27013,27013171600,27,013,171600,76.5,1.1432,3,below,below,Blue Earth,outstate
27017,27017070100,27,017,070100,76.5,1.3887,3,below,below,Carlton,outstate
27057,27057070600,27,057,070600,76.5,1.1657,3,below,below,Hubbard,outstate
27083,27083360700,27,083,360700,76.5,1.6288,3,below,below,Lyon,outstate
27003,27003051202,27,003,051202,76.4,0.8515,2,below,below,Anoka,metro
27007,27007450702,27,007,450702,76.4,1.2471,3,below,below,Beltrami,outstate
27067,27067770900,27,067,770900,76.4,0.9065,2,below,below,Kandiyohi,outstate
27109,27109000600,27,109,000600,76.4,1.2836,3,below,below,Olmsted,outstate
27123,27123033400,27,123,033400,76.4,2.4953,3,below,below,Ramsey,metro
27123,27123040902,27,123,040902,76.4,1.2873,2,below,below,Ramsey,metro
27137,27137014100,27,137,014100,76.4,0.6717,2,below,below,St. Louis,outstate
27001,27001790501,27,001,790501,76.4,0.5839,2,below,below,Aitkin,outstate
27053,27053008400,27,053,008400,76.3,2.7911,3,below,below,Hennepin,metro
27053,27053005902,27,053,005902,76.2,2.4823,2,below,below,Hennepin,metro
27061,27061480900,27,061,480900,76.2,0.834,3,below,below,Itasca,outstate
27129,27129790500,27,129,790500,76.2,1.1943,3,below,below,Renville,outstate
27003,27003050901,27,003,050901,76.1,2.447,3,below,below,Anoka,metro
27035,27035951000,27,035,951000,76.1,1.8416,1,below,below,Crow Wing,outstate
27053,27053024901,27,053,024901,76.1,2.2796,3,below,below,Hennepin,metro
27053,27053026810,27,053,026810,76.1,1.7055,2,below,below,Hennepin,metro
27095,27095170700,27,095,170700,76.1,1.3434,3,below,below,Mille Lacs,outstate
27123,27123034702,27,123,034702,76.1,1.2647,2,below,below,Ramsey,metro
27005,27005450500,27,005,450500,76,1.3,3,below,below,Becker,outstate
27053,27053021501,27,053,021501,76,1.0001,3,below,below,Hennepin,metro
27053,27053125900,27,053,125900,76,3.3917,3,below,below,Hennepin,metro
27071,27071790200,27,071,790200,76,0.7589,2,below,below,Koochiching,outstate
27123,27123036100,27,123,036100,76,1.7273,2,below,below,Ramsey,metro
27053,27053109400,27,053,109400,75.9,3.0204,3,below,below,Hennepin,metro
27123,27123037100,27,123,037100,75.9,1.2158,3,below,below,Ramsey,metro
27003,27003050706,27,003,050706,75.8,1.2131,2,below,below,Anoka,metro
27009,27009021200,27,009,021200,75.8,1.5279,3,below,below,Benton,outstate
27037,27037060726,27,037,060726,75.8,1.8245,3,below,below,Dakota,metro
27053,27053020303,27,053,020303,75.8,1.0311,2,below,below,Hennepin,metro
27087,27087940100,27,087,940100,75.8,1.2355,3,below,below,Mahnomen,outstate
27137,27137002400,27,137,002400,75.8,1.7373,2,below,below,St. Louis,outstate
27137,27137002600,27,137,002600,75.8,1.6814,2,below,below,St. Louis,outstate
27137,27137013500,27,137,013500,75.8,1.8599,3,below,below,St. Louis,outstate
27137,27137013800,27,137,013800,75.8,1.6397,3,below,below,St. Louis,outstate
27145,27145000601,27,145,000601,75.8,1.0646,2,below,below,Stearns,outstate
27053,27053102800,27,053,102800,75.7,1.5975,2,below,below,Hennepin,metro
27137,27137010100,27,137,010100,75.7,1.2512,3,below,below,St. Louis,outstate
27137,27137013100,27,137,013100,75.7,1.2752,2,below,below,St. Louis,outstate
27053,27053003200,27,053,003200,75.6,2.7622,3,below,below,Hennepin,metro
27109,27109000500,27,109,000500,75.6,2.2725,3,below,below,Olmsted,outstate
27113,27113090400,27,113,090400,75.6,1.6342,3,below,below,Pennington,outstate
27117,27117460300,27,117,460300,75.6,1.6143,3,below,below,Pipestone,outstate
27123,27123040502,27,123,040502,75.6,2.2095,3,below,below,Ramsey,metro
27137,27137002000,27,137,002000,75.6,2.8707,3,below,below,St. Louis,outstate
27003,27003050402,27,003,050402,75.5,1.9189,3,below,below,Anoka,metro
27041,27041450701,27,041,450701,75.5,1.0593,3,below,below,Douglas,outstate
27053,27053100200,27,053,100200,75.5,1.8734,3,below,below,Hennepin,metro
27061,27061940000,27,061,940000,75.5,2.2522,3,below,below,Itasca,outstate
27137,27137012600,27,137,012600,75.5,1.2029,3,below,below,St. Louis,outstate
27169,27169670600,27,169,670600,75.5,1.0325,3,below,below,Winona,outstate
27007,27007450600,27,007,450600,75.4,0.9721,2,below,below,Beltrami,outstate
27013,27013170700,27,013,170700,75.4,2.4368,2,below,below,Blue Earth,outstate
27029,27029000100,27,029,000100,75.4,1.4416,3,below,below,Clearwater,outstate
27053,27053022400,27,053,022400,75.4,1.253,3,below,below,Hennepin,metro
27123,27123033000,27,123,033000,75.4,2.3417,3,below,below,Ramsey,metro
27139,27139080100,27,139,080100,75.4,0.9653,2,below,below,Scott,metro
27137,27137001800,27,137,001800,75.4,1.3621,2,below,below,St. Louis,outstate
27067,27067780800,27,067,780800,75.3,1.3164,2,below,below,Kandiyohi,outstate
27033,27033270400,27,033,270400,75.2,1.6075,3,below,below,Cottonwood,outstate
27123,27123030900,27,123,030900,75.2,1.8135,3,below,below,Ramsey,metro
27137,27137013200,27,137,013200,75.2,1.1031,3,below,below,St. Louis,outstate
27053,27053102300,27,053,102300,75.1,1.5808,2,below,below,Hennepin,metro
27053,27053104800,27,053,104800,75.1,1.2881,2,below,below,Hennepin,metro
27123,27123031801,27,123,031801,75.1,1.5983,1,below,below,Ramsey,metro
27147,27147960400,27,147,960400,75.1,1.1744,3,below,below,Steele,outstate
27123,27123030500,27,123,030500,75,1.2292,1,below,below,Ramsey,metro
27137,27137003300,27,137,003300,74.9,2.132,3,below,below,St. Louis,outstate
27163,27163070103,27,163,070103,74.9,1.139,3,below,below,Washington,metro
27037,27037060105,27,037,060105,74.8,1.1244,3,below,below,Dakota,metro
27037,27037060301,27,037,060301,74.8,1.3953,3,below,below,Dakota,metro
27053,27053002700,27,053,002700,74.8,2.2668,3,below,below,Hennepin,metro
27053,27053021300,27,053,021300,74.8,1.4183,3,below,below,Hennepin,metro
27003,27003051201,27,003,051201,74.7,1.7184,3,below,below,Anoka,metro
27061,27061480802,27,061,480802,74.7,1.4443,3,below,below,Itasca,outstate
27123,27123031702,27,123,031702,74.7,1.3336,3,below,below,Ramsey,metro
27123,27123034601,27,123,034601,74.7,1.1462,1,below,below,Ramsey,metro
27141,27141031500,27,141,031500,74.7,1.0052,3,below,below,Sherburne,outstate
27003,27003050608,27,003,050608,74.6,1.2954,3,below,below,Anoka,metro
27027,27027030102,27,027,030102,74.6,1.0414,3,below,below,Clay,outstate
27053,27053104100,27,053,104100,74.5,1.5472,2,below,below,Hennepin,metro
27053,27053125700,27,053,125700,74.5,1.16,2,below,below,Hennepin,metro
27123,27123030800,27,123,030800,74.5,1.1143,2,below,below,Ramsey,metro
27159,27159480100,27,159,480100,74.4,1.2895,3,below,below,Wadena,outstate
27035,27035951100,27,035,951100,74.3,1.1104,3,below,below,Crow Wing,outstate
27053,27053026819,27,053,026819,74.3,2.7616,3,below,below,Hennepin,metro
27097,27097780600,27,097,780600,74.3,0.9642,3,below,below,Morrison,outstate
27123,27123033200,27,123,033200,74.3,1.4097,3,below,below,Ramsey,metro
27109,27109000300,27,109,000300,74.2,1.5416,3,below,below,Olmsted,outstate
27123,27123034701,27,123,034701,74.1,1.5756,3,below,below,Ramsey,metro
27053,27053101800,27,053,101800,74,1.4477,3,below,below,Hennepin,metro
27123,27123033500,27,123,033500,74,1.6245,3,below,below,Ramsey,metro
27137,27137013300,27,137,013300,74,1.2808,3,below,below,St. Louis,outstate
27053,27053100400,27,053,100400,73.9,2.0249,3,below,below,Hennepin,metro
27053,27053100800,27,053,100800,73.8,2.4962,3,below,below,Hennepin,metro
27053,27053102000,27,053,102000,73.8,2.1785,3,below,below,Hennepin,metro
27053,27053102600,27,053,102600,73.8,3.6683,3,below,below,Hennepin,metro
27053,27053102900,27,053,102900,73.8,3.2093,3,below,below,Hennepin,metro
27053,27053126000,27,053,126000,73.7,1.3873,3,below,below,Hennepin,metro
27123,27123042402,27,123,042402,73.7,1.5001,3,below,below,Ramsey,metro
27123,27123034400,27,123,034400,73.6,1.951,3,below,below,Ramsey,metro
27123,27123036800,27,123,036800,73.5,1.3739,3,below,below,Ramsey,metro
27137,27137001200,27,137,001200,73.5,2.8445,3,below,below,St. Louis,outstate
27053,27053020302,27,053,020302,73.4,1.3792,3,below,below,Hennepin,metro
27053,27053000102,27,053,000102,73.3,1.3373,3,below,below,Hennepin,metro
27053,27053107400,27,053,107400,73.3,2.7638,3,below,below,Hennepin,metro
27111,27111961000,27,111,961000,73.3,1.1386,3,below,below,Otter Tail,outstate
27053,27053022302,27,053,022302,73.2,1.4505,3,below,below,Hennepin,metro
27017,27017940000,27,017,940000,73.1,1.4692,3,below,below,Carlton,outstate
27053,27053003300,27,053,003300,73.1,1.6195,2,below,below,Hennepin,metro
27053,27053101300,27,053,101300,73.1,1.7698,2,below,below,Hennepin,metro
27053,27053103400,27,053,103400,73.1,2.0078,2,below,below,Hennepin,metro
27123,27123031701,27,123,031701,73.1,1.5741,2,below,below,Ramsey,metro
27123,27123032700,27,123,032700,73.1,1.6229,2,below,below,Ramsey,metro
27059,27059130302,27,059,130302,73,1.1485,3,below,below,Isanti,outstate
27123,27123031500,27,123,031500,72.9,2.1462,3,below,below,Ramsey,metro
27123,27123030704,27,123,030704,72.8,1.4121,3,below,below,Ramsey,metro
27003,27003051305,27,003,051305,72.6,1.7294,3,below,below,Anoka,metro
27137,27137003600,27,137,003600,72.5,1.5345,3,below,below,St. Louis,outstate
27123,27123031300,27,123,031300,72.4,2.2968,3,below,below,Ramsey,metro
27053,27053103100,27,053,103100,72.3,1.5328,3,below,below,Hennepin,metro
27123,27123031000,27,123,031000,72.3,2.7734,3,below,below,Ramsey,metro
27137,27137001600,27,137,001600,72.3,3.1481,3,below,below,St. Louis,outstate
27053,27053024802,27,053,024802,72.2,1.79,3,below,below,Hennepin,metro
27137,27137012200,27,137,012200,72.2,1.511,3,below,below,St. Louis,outstate
27007,27007940001,27,007,940001,72.1,2.0906,1,below,below,Beltrami,outstate
27053,27053100900,27,053,100900,72,1.7181,1,below,below,Hennepin,metro
27123,27123033100,27,123,033100,71.9,2.617,3,below,below,Ramsey,metro
27021,27021940002,27,021,940002,71.7,1.8892,1,below,below,Cass,outstate
27119,27119020200,27,119,020200,71.6,1.9006,3,below,below,Polk,outstate
27123,27123031400,27,123,031400,71.4,1.9834,3,below,below,Ramsey,metro
27095,27095970200,27,095,970200,70.6,1.6073,1,below,low,Mille Lacs,outstate
27053,27053108700,27,053,108700,70.3,1.281,3,below,low,Hennepin,metro
27053,27053021502,27,053,021502,70.2,1.1975,3,below,low,Hennepin,metro
27053,27053106900,27,053,106900,69.5,2.0837,3,below,low,Hennepin,metro
27137,27137015600,27,137,015600,69,1.8384,3,below,low,St. Louis,outstate
27053,27053101600,27,053,101600,67.6,2.7114,1,below,low,Hennepin,metro
27053,27053005901,27,053,005901,67.2,1.2426,3,below,low,Hennepin,metro
27137,27137001700,27,137,001700,66.4,3.0808,3,below,low,St. Louis,outstate
27137,27137002200,27,137,002200,66.4,2.3887,3,below,low,St. Louis,outstate
27109,27109000100,27,109,000100,65.6,3.4494,3,below,low,Olmsted,outstate
27123,27123033700,27,123,033700,64.8,1.7124,3,below,low,Ramsey,metro